-- POPOLAMENTO PUNTO VENDITA
insert into PUNTO_VENDITA values ('Ariccia','9:00','20:00','Via Nettunese',4,'00072','DHL',500);
insert into PUNTO_VENDITA values ('Alatri','9:00','18:00','Via della Sanità',28,'03011','GLS',650);
insert into PUNTO_VENDITA values ('Veroli','9:00','20:00','Viale Giglio',56,'03029','BRT',170);
insert into PUNTO_VENDITA values ('Roma','8:00','20:00','Via Acerenza',4,'00100','SDA',600);
insert into PUNTO_VENDITA values ('Napoli','8:00','20:00','Via Roma',17,'80100','POSTE',400);
insert into PUNTO_VENDITA values ('Milano','8:00','20:00','Via Duomo',74,'20121','UPS',200);
insert into PUNTO_VENDITA values ('Torino','8:00','20:00','Corso Bolzano',14,'10122','NEXIVE',100);
insert into PUNTO_VENDITA values ('Bologna','9:00','19:00','Via Barberia',34,'40123','EXPRESSO',250);
insert into PUNTO_VENDITA values ('Firenze','8:00','20:00','Via Senese',112,'50124','TNT',150);
insert into PUNTO_VENDITA values ('Frosinone','9:00','18:00','Via Piave',32,'03100','FEDEX',230);

-- POPOLAMENTO DIPENDENTE
insert into DIPENDENTE values (matricole.nextval,'Bologna','Mario','Rossi','M', to_date('21/GEN/1987', 'DD/MON/YYYY'),'CODFISCALE000000','Via Indipendenza',15,'40125');
insert into DIPENDENTE values (matricole.nextval,'Frosinone','Luigi','Bianchi','M', to_date('15/SET/1991', 'DD/MON/YYYY'),'CODFISCALE000001','Via Manzoni',22,'03102');
insert into DIPENDENTE values (matricole.nextval,'Napoli','Francesco','Esposito','M', to_date('04/OTT/1975', 'DD/MON/YYYY'),'CODFISCALE000002','Via Medina',9,'80110');
insert into DIPENDENTE values (matricole.nextval,'Alatri','Marianna','Gargiulo','F', to_date('29/DIC/1969', 'DD/MON/YYYY'),'CODFISCALE000003','Via Roma',27,'03015');
insert into DIPENDENTE values (matricole.nextval,'Milano','Pierluigi','Caiazzo','M', to_date('09/AGO/1995', 'DD/MON/YYYY'),'CODFISCALE000004','Via Regina',72,'20123');
insert into DIPENDENTE values (matricole.nextval,'Torino','Silvio','Verdi','M', to_date('12/GEN/1969', 'DD/MON/YYYY'),'CODFISCALE000005','Via San Nicola',32,'10126');
insert into DIPENDENTE values (matricole.nextval,'Ariccia','Luca','Ricci','M', to_date('18/NOV/1985', 'DD/MON/YYYY'),'CODFISCALE000006','Via Maggiore',157,'00075');
insert into DIPENDENTE values (matricole.nextval,'Roma','Chiara','Greco','F', to_date('09/APR/1996', 'DD/MON/YYYY'),'CODFISCALE000007','Via Paolini',51,'00135');
insert into DIPENDENTE values (matricole.nextval,'Firenze','Laura','Conti','F', to_date('18/MAG/1984', 'DD/MON/YYYY'),'CODFISCALE000008','Via Pagani',63,'50125');
insert into DIPENDENTE values (matricole.nextval,'Veroli','Fortuna','Daniel','F', to_date('06/OTT/1977', 'DD/MON/YYYY'),'CODFISCALE000009','Via Fortunati',17,'03030');
insert into DIPENDENTE values (matricole.nextval,'Bologna','Gianni','Costa','M', to_date('12/MAG/1967', 'DD/MON/YYYY'),'CODFISCALE000010','Via Costiera',121,'40123');
insert into DIPENDENTE values (matricole.nextval,'Frosinone','Giulia','Rizzo','F', to_date('25/FEB/1968', 'DD/MON/YYYY'),'CODFISCALE000011','Via Impero',31,'03101');
insert into DIPENDENTE values (matricole.nextval,'Napoli','Salvatore','De Rossi','M', to_date('14/SET/1980', 'DD/MON/YYYY'),'CODFISCALE000012','Via Toledo',69,'80100');
insert into DIPENDENTE values (matricole.nextval,'Alatri','Luca','Bruno','M', to_date('18/GEN/1960', 'DD/MON/YYYY'),'CODFISCALE000013','Via Fontanelle',93,'03018');
insert into DIPENDENTE values (matricole.nextval,'Milano','Piero','Lombardi','M', to_date('20/DIC/1988', 'DD/MON/YYYY'),'CODFISCALE000014','Corso Reginella',27,'20125');
insert into DIPENDENTE values (matricole.nextval,'Torino','Antonio','Ferrari','M', to_date('17/LUG/1989', 'DD/MON/YYYY'),'CODFISCALE000015','Via Martinotti',41,'10126');
insert into DIPENDENTE values (matricole.nextval,'Ariccia','Sofia','Moretti','F', to_date('31/DIC/1996', 'DD/MON/YYYY'),'CODFISCALE000016','Via Sanità',61,'00077');
insert into DIPENDENTE values (matricole.nextval,'Roma','Emma','Mancini','F', to_date('19/MAR/1983', 'DD/MON/YYYY'),'CODFISCALE000017','Via Lecce',58,'00132');
insert into DIPENDENTE values (matricole.nextval,'Firenze','Fabio','Barbieri','M', to_date('27/APR/1969', 'DD/MON/YYYY'),'CODFISCALE000018','Via Mattei',89,'50129');
insert into DIPENDENTE values (matricole.nextval,'Veroli','Anna','Rinaldi','F', to_date('11/GIU/1986', 'DD/MON/YYYY'),'CODFISCALE000019','Via Marinaci',20,'03033');
insert into DIPENDENTE values (matricole.nextval,'Bologna','Giorgio','Parisi','M', to_date('29/LUG/1992', 'DD/MON/YYYY'),'CODFISCALE000020','Via Sole',33,'40129');
insert into DIPENDENTE values (matricole.nextval,'Frosinone','Massimo','Serra','M', to_date('12/MAR/1989', 'DD/MON/YYYY'),'CODFISCALE000021','Via Gatti',44,'03105');
insert into DIPENDENTE values (matricole.nextval,'Napoli','Giuseppe','Grasso','M', to_date('07/MAG/1997', 'DD/MON/YYYY'),'CODFISCALE000022','Via Crispi',96,'80117');
insert into DIPENDENTE values (matricole.nextval,'Alatri','Dario','Pellegrini','M', to_date('06/GIU/1963', 'DD/MON/YYYY'),'CODFISCALE000023','Viale Trieste',24,'03019');
insert into DIPENDENTE values (matricole.nextval,'Milano','Alessio','Cattaneo','M', to_date('13/SET/1993', 'DD/MON/YYYY'),'CODFISCALE000024','Via dei Salici',6,'20125');
insert into DIPENDENTE values (matricole.nextval,'Torino','Elena','Guerra','F', to_date('17/MAR/1986', 'DD/MON/YYYY'),'CODFISCALE000025','Via Pace',15,'10122');
insert into DIPENDENTE values (matricole.nextval,'Ariccia','Rosa','Rossetti','F', to_date('03/DIC/1990', 'DD/MON/YYYY'),'CODFISCALE000026','Via dei Pittori',100,'00070');
insert into DIPENDENTE values (matricole.nextval,'Roma','Gaia','De Rosa','F', to_date('21/MAG/1978', 'DD/MON/YYYY'),'CODFISCALE000027','Via del Castoro',39,'00137');
insert into DIPENDENTE values (matricole.nextval,'Firenze','Diego','Battaglia','M', to_date('29/APR/1996', 'DD/MON/YYYY'),'CODFISCALE000028','Via Mazzini',142,'50121');
insert into DIPENDENTE values (matricole.nextval,'Veroli','Claudio','Sorrentino','M', to_date('24/NOV/1970', 'DD/MON/YYYY'),'CODFISCALE000029','Via Pisacane',51,'03037');
insert into DIPENDENTE values (matricole.nextval,'Bologna','Gianni','Costa','M', to_date('12/MAG/1967', 'DD/MON/YYYY'),'CODFISCALE000030','Via Costiera',121,'40123');
insert into DIPENDENTE values (matricole.nextval,'Frosinone','Giulia','Rizzo','F', to_date('25/FEB/1968', 'DD/MON/YYYY'),'CODFISCALE000031','Via Impero',31,'03101');
insert into DIPENDENTE values (matricole.nextval,'Napoli','Salvatore','De Rossi','M', to_date('14/SET/1980', 'DD/MON/YYYY'),'CODFISCALE000032','Via Toledo',69,'80100');
insert into DIPENDENTE values (matricole.nextval,'Alatri','Luca','Bruno','M', to_date('18/GEN/1960', 'DD/MON/YYYY'),'CODFISCALE000033','Via Fontanelle',93,'03018');
insert into DIPENDENTE values (matricole.nextval,'Milano','Piero','Lombardi','M', to_date('20/DIC/1988', 'DD/MON/YYYY'),'CODFISCALE000034','Corso Reginella',27,'20125');
insert into DIPENDENTE values (matricole.nextval,'Torino','Antonio','Ferrari','M', to_date('17/LUG/1989', 'DD/MON/YYYY'),'CODFISCALE000035','Via Martinotti',41,'10126');
insert into DIPENDENTE values (matricole.nextval,'Ariccia','Sofia','Moretti','F', to_date('31/DIC/1996', 'DD/MON/YYYY'),'CODFISCALE000036','Via Sanità',61,'00077');
insert into DIPENDENTE values (matricole.nextval,'Roma','Emma','Mancini','F', to_date('19/MAR/1983', 'DD/MON/YYYY'),'CODFISCALE000037','Via Lecce',58,'00132');
insert into DIPENDENTE values (matricole.nextval,'Firenze','Luca','Sanna','M', to_date('21/AGO/1975', 'DD/MON/YYYY'),'CODFISCALE000038','Via Raggi',124,'50130');
insert into DIPENDENTE values (matricole.nextval,'Veroli','Lucia','Fabbri','F', to_date('26/NOV/1990', 'DD/MON/YYYY'),'CODFISCALE000039','Via Napoli',86,'03035');
insert into DIPENDENTE values (matricole.nextval,'Bologna','Cristina','Ruggiero','F', to_date('18/SET/1991', 'DD/MON/YYYY'),'CODFISCALE000040','Via dei Cipressi',41,'40120');
insert into DIPENDENTE values (matricole.nextval,'Frosinone','Teresa','Bellini','F', to_date('27/OTT/1985', 'DD/MON/YYYY'),'CODFISCALE000041','Via Garibaldi',52,'03104');
insert into DIPENDENTE values (matricole.nextval,'Napoli','Sebastian','Piras','M', to_date('30/GIU/1988', 'DD/MON/YYYY'),'CODFISCALE000042','Via Guarini',101,'80102');
insert into DIPENDENTE values (matricole.nextval,'Alatri','Camilla','Sartori','F', to_date('21/APR/1971', 'DD/MON/YYYY'),'CODFISCALE000043','Via San Rocco',46,'03020');
insert into DIPENDENTE values (matricole.nextval,'Milano','Ivan','Bernardi','M', to_date('11/NOV/1979', 'DD/MON/YYYY'),'CODFISCALE000044','Via Navona',73,'20127');
insert into DIPENDENTE values (matricole.nextval,'Torino','Pietro','Palmieri','M', to_date('27/MAR/1970', 'DD/MON/YYYY'),'CODFISCALE000045','Via Franzoni',149,'10129');
insert into DIPENDENTE values (matricole.nextval,'Ariccia','Giulia','Negri','F', to_date('19/GIU/1986', 'DD/MON/YYYY'),'CODFISCALE000046','Via Rossini',10,'00080');
insert into DIPENDENTE values (matricole.nextval,'Roma','Dario','Farina','M', to_date('27/LUG/1990', 'DD/MON/YYYY'),'CODFISCALE000047','Via Appia',91,'00135');
insert into DIPENDENTE values (matricole.nextval,'Firenze','Giada','Morelli','F', to_date('30/MAG/1982', 'DD/MON/YYYY'),'CODFISCALE000048','Via Mercato',39,'50133');
insert into DIPENDENTE values (matricole.nextval,'Veroli','Ruben','Caruso','M', to_date('23/DIC/1993', 'DD/MON/YYYY'),'CODFISCALE000049','Via Diaz',90,'03038');

-- POPOLAMENTO TELEFONO_DIP
insert into TELEFONO_DIP values ('100','3312561721');
insert into TELEFONO_DIP values ('100','0513497044');
insert into TELEFONO_DIP values ('101','3219480436');
insert into TELEFONO_DIP values ('102','3479108823');
insert into TELEFONO_DIP values ('103','3480874621');
insert into TELEFONO_DIP values ('104','3340237790');
insert into TELEFONO_DIP values ('105','3339645822');
insert into TELEFONO_DIP values ('105','0114921703');
insert into TELEFONO_DIP values ('106','3492136708');
insert into TELEFONO_DIP values ('107','3267456103');
insert into TELEFONO_DIP values ('108','3612049725');
insert into TELEFONO_DIP values ('109','3479102645');
insert into TELEFONO_DIP values ('110','3469102657');
insert into TELEFONO_DIP values ('111','3692160942');
insert into TELEFONO_DIP values ('112','3316099741');
insert into TELEFONO_DIP values ('113','3634860347');
insert into TELEFONO_DIP values ('114','3480963418');
insert into TELEFONO_DIP values ('114','0215761023');
insert into TELEFONO_DIP values ('115','3339105662');
insert into TELEFONO_DIP values ('116','3217519820');
insert into TELEFONO_DIP values ('117','3697512683');
insert into TELEFONO_DIP values ('118','3304982319');
insert into TELEFONO_DIP values ('118','0552169701');
insert into TELEFONO_DIP values ('119','3459106429');
insert into TELEFONO_DIP values ('120','3317549130');
insert into TELEFONO_DIP values ('121','3489164573');
insert into TELEFONO_DIP values ('122','3496102571');
insert into TELEFONO_DIP values ('123','3457034912');
insert into TELEFONO_DIP values ('124','3416103997');
insert into TELEFONO_DIP values ('124','0236304981');
insert into TELEFONO_DIP values ('125','3279513678');
insert into TELEFONO_DIP values ('126','3662154920');
insert into TELEFONO_DIP values ('126','0631068429');
insert into TELEFONO_DIP values ('127','3482567911');
insert into TELEFONO_DIP values ('128','3491672280');
insert into TELEFONO_DIP values ('129','3697412580');
insert into TELEFONO_DIP values ('130','3234926739');
insert into TELEFONO_DIP values ('131','3430891672');
insert into TELEFONO_DIP values ('132','3498165503');
insert into TELEFONO_DIP values ('133','3334109984');
insert into TELEFONO_DIP values ('133','0775916580');
insert into TELEFONO_DIP values ('134','3461025973');
insert into TELEFONO_DIP values ('135','3429105677');
insert into TELEFONO_DIP values ('136','3664106792');
insert into TELEFONO_DIP values ('137','3498160072');
insert into TELEFONO_DIP values ('138','3712680449');
insert into TELEFONO_DIP values ('139','3217591430');
insert into TELEFONO_DIP values ('140','3492066491');
insert into TELEFONO_DIP values ('140','0512679267');
insert into TELEFONO_DIP values ('141','3498162700');
insert into TELEFONO_DIP values ('142','3694920167');
insert into TELEFONO_DIP values ('142','0815729866');
insert into TELEFONO_DIP values ('143','3319517340');
insert into TELEFONO_DIP values ('144','3379511679');
insert into TELEFONO_DIP values ('145','3441500236');
insert into TELEFONO_DIP values ('146','3664592118');
insert into TELEFONO_DIP values ('147','3474203494');
insert into TELEFONO_DIP values ('148','3485200499');
insert into TELEFONO_DIP values ('148','0556933157');
insert into TELEFONO_DIP values ('149','3234100698');

-- POPOLAMENTO OCULISTA
insert into OCULISTA values ('100','012345');
insert into OCULISTA values ('101','159205');
insert into OCULISTA values ('102','201569');
insert into OCULISTA values ('103','120497');
insert into OCULISTA values ('104','034957');
insert into OCULISTA values ('105','152946');
insert into OCULISTA values ('106','103497');
insert into OCULISTA values ('107','167920');
insert into OCULISTA values ('108','134952');
insert into OCULISTA values ('109','215697');
insert into OCULISTA values ('110','297462');
insert into OCULISTA values ('111','103497');
insert into OCULISTA values ('112','136794');
insert into OCULISTA values ('113','297531');
insert into OCULISTA values ('114','306791');
insert into OCULISTA values ('115','315790');
insert into OCULISTA values ('116','291045');
insert into OCULISTA values ('117','206791');
insert into OCULISTA values ('118','203497');
insert into OCULISTA values ('119','347092');
insert into OCULISTA values ('120','324976');
insert into OCULISTA values ('121','390156');
insert into OCULISTA values ('122','349106');
insert into OCULISTA values ('123','170349');
insert into OCULISTA values ('124','241633');

-- POPOLAMENTO IMPIEGATO
insert into IMPIEGATO values ('125','MAGAZZINIERE');
insert into IMPIEGATO values ('126','MAGAZZINIERE');
insert into IMPIEGATO values ('127','MAGAZZINIERE');
insert into IMPIEGATO values ('128','MAGAZZINIERE');
insert into IMPIEGATO values ('129','MAGAZZINIERE');
insert into IMPIEGATO values ('130','MAGAZZINIERE');
insert into IMPIEGATO values ('131','MAGAZZINIERE');
insert into IMPIEGATO values ('132','MAGAZZINIERE');
insert into IMPIEGATO values ('133','GESTORE_FORNITORI');
insert into IMPIEGATO values ('134','GESTORE_FORNITORI');
insert into IMPIEGATO values ('135','GESTORE_FORNITORI');
insert into IMPIEGATO values ('136','GESTORE_FORNITORI');
insert into IMPIEGATO values ('137','GESTORE_FORNITORI');
insert into IMPIEGATO values ('138','GESTORE_FORNITORI');
insert into IMPIEGATO values ('139','GESTORE_FORNITORI');
insert into IMPIEGATO values ('140','GESTORE_FORNITORI');
insert into IMPIEGATO values ('141','GESTORE_FORNITORI');
insert into IMPIEGATO values ('142','GESTORE_DEI_CLIENTI');
insert into IMPIEGATO values ('143','GESTORE_DEI_CLIENTI');
insert into IMPIEGATO values ('144','GESTORE_DEI_CLIENTI');
insert into IMPIEGATO values ('145','GESTORE_DEI_CLIENTI');
insert into IMPIEGATO values ('146','GESTORE_DEI_CLIENTI');
insert into IMPIEGATO values ('147','GESTORE_DEI_CLIENTI');
insert into IMPIEGATO values ('148','GESTORE_DEI_CLIENTI');
insert into IMPIEGATO values ('149', 'GESTORE_DEI_CLIENTI');

-- POPOLAMENTO CONTRATTO
insert into CONTRATTO values ('100', to_date('24/GIU/2017', 'DD/MON/YYYY'),1500, to_date('24/GIU/2020', 'DD/MON/YYYY'),'DETERMINATO','FULL-TIME');
insert into CONTRATTO values ('101', to_date('05/SET/2018', 'DD/MON/YYYY'),1000, to_date('05/SET/2019', 'DD/MON/YYYY'),'DETERMINATO','PART-TIME');
insert into CONTRATTO values ('102', to_date('16/OTT/1998', 'DD/MON/YYYY'),1400,null,'INDETERMINATO','PART-TIME');
insert into CONTRATTO values ('103', to_date('12/FEB/1995', 'DD/MON/YYYY'),1100, to_date('12/FEB/2000', 'DD/MON/YYYY'),'DETERMINATO','PART-TIME');
insert into CONTRATTO values ('103', to_date('13/FEB/2000', 'DD/MON/YYYY'),1400,null,'INDETERMINATO','PART-TIME');
insert into CONTRATTO values ('104', to_date('23/MAR/2019', 'DD/MON/YYYY'),1600, to_date('23/MAR/2021', 'DD/MON/YYYY'),'DETERMINATO','FULL-TIME');
insert into CONTRATTO values ('105', to_date('02/MAG/1999', 'DD/MON/YYYY'),1400, to_date('02/MAG/2009', 'DD/MON/YYYY'),'DETERMINATO','PART-TIME');
insert into CONTRATTO values ('105', to_date('03/MAG/2009', 'DD/MON/YYYY'),1400,null,'INDETERMINATO','PART-TIME');
insert into CONTRATTO values ('106', to_date('26/LUG/2015', 'DD/MON/YYYY'),1200, to_date('26/LUG/2020', 'DD/MON/YYYY'),'DETERMINATO','PART-TIME');
insert into CONTRATTO values ('107', to_date('18/GEN/2018', 'DD/MON/YYYY'),1600, to_date('18/GEN/2021', 'DD/MON/YYYY'),'DETERMINATO','FULL-TIME');
insert into CONTRATTO values ('108', to_date('09/SET/2007', 'DD/MON/YYYY'),1450,null,'INDETERMINATO','PART-TIME');
insert into CONTRATTO values ('109', to_date('20/NOV/2008', 'DD/MON/YYYY'),1600, to_date('20/NOV/2019', 'DD/MON/YYYY'),'DETERMINATO','FULL-TIME');
insert into CONTRATTO values ('110', to_date('02/GIU/2000', 'DD/MON/YYYY'),1300, to_date('02/GIU/2018', 'DD/MON/YYYY'),'DETERMINATO','PART-TIME');
insert into CONTRATTO values ('111', to_date('11/FEB/2002', 'DD/MON/YYYY'),1200, to_date('11/FEB/2017', 'DD/MON/YYYY'),'DETERMINATO','PART-TIME');
insert into CONTRATTO values ('111', to_date('12/FEB/2017', 'DD/MON/YYYY'),1450,null,'INDETERMINATO','PART-TIME');
insert into CONTRATTO values ('112', to_date('18/APR/2012', 'DD/MON/YYYY'),1300, to_date('18/APR/2020', 'DD/MON/YYYY'),'DETERMINATO','PART-TIME');
insert into CONTRATTO values ('113', to_date('13/MAG/1995', 'DD/MON/YYYY'),1700, to_date('13/MAG/2005', 'DD/MON/YYYY'),'DETERMINATO','FULL-TIME');
insert into CONTRATTO values ('113', to_date('14/MAG/2005', 'DD/MON/YYYY'),1800,null,'INDETERMINATO','FULL-TIME');
insert into CONTRATTO values ('114', to_date('27/GEN/2016', 'DD/MON/YYYY'),1300, to_date('27/GEN/2019', 'DD/MON/YYYY'),'DETERMINATO','PART-TIME');
insert into CONTRATTO values ('115', to_date('18/MAR/2017', 'DD/MON/YYYY'),1200, to_date('18/MAR/2020', 'DD/MON/YYYY'),'DETERMINATO','PART-TIME');
insert into CONTRATTO values ('116', to_date('28/GIU/2019', 'DD/MON/YYYY'),1700, to_date('28/GIU/2023', 'DD/MON/YYYY'),'DETERMINATO','FULL-TIME');
insert into CONTRATTO values ('117', to_date('07/MAG/2008', 'DD/MON/YYYY'),1400, to_date('07/MAG/2018', 'DD/MON/YYYY'),'DETERMINATO','PART-TIME');
insert into CONTRATTO values ('117', to_date('08/MAG/2018', 'DD/MON/YYYY'),1450,null,'INDETERMINATO','PART-TIME');
insert into CONTRATTO values ('118', to_date('30/MAR/1996', 'DD/MON/YYYY'),1450,null,'INDETERMINATO','PART-TIME');
insert into CONTRATTO values ('119', to_date('21/OTT/2009', 'DD/MON/YYYY'),1600, to_date('21/OTT/2019', 'DD/MON/YYYY'),'DETERMINATO','FULL-TIME');
insert into CONTRATTO values ('120', to_date('16/GIU/2019', 'DD/MON/YYYY'),1100, to_date('16/GIU/2023', 'DD/MON/YYYY'),'DETERMINATO','PART-TIME');
insert into CONTRATTO values ('121', to_date('06/APR/2014', 'DD/MON/YYYY'),1300, to_date('06/APR/2020', 'DD/MON/YYYY'),'DETERMINATO','PART-TIME');
insert into CONTRATTO values ('122', to_date('28/NOV/2018', 'DD/MON/YYYY'),1600, to_date('28/NOV/2025', 'DD/MON/YYYY'),'DETERMINATO','FULL-TIME');
insert into CONTRATTO values ('123', to_date('02/LUG/1989', 'DD/MON/YYYY'),1400,null,'INDETERMINATO','PART-TIME');
insert into CONTRATTO values ('124', to_date('22/GEN/2015', 'DD/MON/YYYY'),1200, to_date('22/GEN/2020', 'DD/MON/YYYY'),'DETERMINATO','PART-TIME');
insert into CONTRATTO values ('125', to_date('01/MAG/2010', 'DD/MON/YYYY'),1100, to_date('01/MAG/2019', 'DD/MON/YYYY'),'DETERMINATO','PART-TIME');
insert into CONTRATTO values ('126', to_date('09/APR/2015', 'DD/MON/YYYY'),1150, to_date('09/MAG/2021', 'DD/MON/YYYY'),'DETERMINATO','PART-TIME');
insert into CONTRATTO values ('127', to_date('13/FEB/2002', 'DD/MON/YYYY'),1300, to_date('13/FEB/2017', 'DD/MON/YYYY'),'DETERMINATO','FULL-TIME');
insert into CONTRATTO values ('127', to_date('14/FEB/2017', 'DD/MON/YYYY'),1600,null,'INDETERMINATO','FULL-TIME');
insert into CONTRATTO values ('128', to_date('03/MAR/2019', 'DD/MON/YYYY'),1100, to_date('03/MAR/2024', 'DD/MON/YYYY'),'DETERMINATO','PART-TIME');
insert into CONTRATTO values ('129', to_date('18/GIU/2000', 'DD/MON/YYYY'),1150, to_date('18/GIU/2015', 'DD/MON/YYYY'),'DETERMINATO','PART-TIME');
insert into CONTRATTO values ('129', to_date('19/GIU/2015', 'DD/MON/YYYY'),1150,null,'INDETERMINATO','PART-TIME');
insert into CONTRATTO values ('130', to_date('15/SET/1997', 'DD/MON/YYYY'),1650,null,'INDETERMINATO','FULL-TIME');
insert into CONTRATTO values ('131', to_date('12/OTT/1997', 'DD/MON/YYYY'),1150, to_date('12/OTT/2017', 'DD/MON/YYYY'),'DETERMINATO','PART-TIME');
insert into CONTRATTO values ('131', to_date('13/OTT/2017', 'DD/MON/YYYY'),1150, to_date('13/OTT/2022', 'DD/MON/YYYY'),'DETERMINATO','PART-TIME');
insert into CONTRATTO values ('132', to_date('25/APR/2007', 'DD/MON/YYYY'),1150, to_date('25/APR/2021', 'DD/MON/YYYY'),'DETERMINATO','PART-TIME');
insert into CONTRATTO values ('133', to_date('19/DIC/1995', 'DD/MON/YYYY'),1850,null,'INDETERMINATO','FULL-TIME');
insert into CONTRATTO values ('134', to_date('11/SET/2011', 'DD/MON/YYYY'),1300, to_date('11/SET/2021', 'DD/MON/YYYY'),'DETERMINATO','PART-TIME');
insert into CONTRATTO values ('135', to_date('15/SET/2012', 'DD/MON/YYYY'),1350, to_date('15/SET/2022', 'DD/MON/YYYY'),'DETERMINATO','PART-TIME');
insert into CONTRATTO values ('136', to_date('20/FEB/2019', 'DD/MON/YYYY'),1500, to_date('20/FEB/2022', 'DD/MON/YYYY'),'DETERMINATO','FULL-TIME');
insert into CONTRATTO values ('137', to_date('12/GIU/2012', 'DD/MON/YYYY'),1300, to_date('12/GIU/2020', 'DD/MON/YYYY'),'DETERMINATO','PART-TIME');
insert into CONTRATTO values ('138', to_date('26/AGO/2000', 'DD/MON/YYYY'),1350, to_date('26/AGO/2015', 'DD/MON/YYYY'),'DETERMINATO','PART-TIME');
insert into CONTRATTO values ('138', to_date('27/AGO/2015', 'DD/MON/YYYY'),1350,null,'INDETERMINATO','PART-TIME');
insert into CONTRATTO values ('139', to_date('16/DIC/2016', 'DD/MON/YYYY'),1450, to_date('16/DIC/2019', 'DD/MON/YYYY'),'DETERMINATO','FULL-TIME');
insert into CONTRATTO values ('140', to_date('28/MAG/2017', 'DD/MON/YYYY'),1200, to_date('28/MAG/2020', 'DD/MON/YYYY'),'DETERMINATO','PART-TIME');
insert into CONTRATTO values ('141', to_date('04/GEN/2006', 'DD/MON/YYYY'),1300, to_date('04/GEN/2016', 'DD/MON/YYYY'),'DETERMINATO','PART-TIME');
insert into CONTRATTO values ('141', to_date('05/GEN/2016', 'DD/MON/YYYY'),1700,null,'INDETERMINATO','PART-TIME');
insert into CONTRATTO values ('142', to_date('21/MAR/2013', 'DD/MON/YYYY'),1300, to_date('21/MAR/2023', 'DD/MON/YYYY'),'DETERMINATO','FULL-TIME');
insert into CONTRATTO values ('143', to_date('30/APR/1998', 'DD/MON/YYYY'),1200, to_date('30/APR/2008', 'DD/MON/YYYY'),'DETERMINATO','PART-TIME');
insert into CONTRATTO values ('143', to_date('01/MAG/2008', 'DD/MON/YYYY'),1250,null,'INDETERMINATO','PART-TIME');
insert into CONTRATTO values ('144', to_date('19/LUG/2005', 'DD/MON/YYYY'),1250,null,'INDETERMINATO','PART-TIME');
insert into CONTRATTO values ('145', to_date('10/FEB/2002', 'DD/MON/YYYY'),1400, to_date('10/FEB/2012', 'DD/MON/YYYY'),'DETERMINATO','FULL-TIME');
insert into CONTRATTO values ('145', to_date('11/FEB/2012', 'DD/MON/YYYY'),1750, to_date('11/FEB/2022', 'DD/MON/YYYY'),'DETERMINATO','FULL-TIME');
insert into CONTRATTO values ('146', to_date('29/NOV/2010', 'DD/MON/YYYY'),1200,null,'INDETERMINATO','PART-TIME');
insert into CONTRATTO values ('147', to_date('13/OTT/2015', 'DD/MON/YYYY'),1250, to_date('13/OTT/2020', 'DD/MON/YYYY'),'DETERMINATO','PART-TIME');
insert into CONTRATTO values ('148', to_date('18/GIU/2012', 'DD/MON/YYYY'),1350, to_date('18/GIU/2022', 'DD/MON/YYYY'),'DETERMINATO','FULL-TIME');
insert into CONTRATTO values ('149', to_date('21/SET/2016', 'DD/MON/YYYY'),1100, to_date('21/SET/2019', 'DD/MON/YYYY'),'DETERMINATO','PART-TIME');


-- POPOLAMENTO TURNO
insert into TURNO values ('TURNOOCFT','10:00',8);
insert into TURNO values ('TURNOOCPT1','08:00',5);
insert into TURNO values ('TURNOOCPT2','15:00',5);
insert into TURNO values ('TURNOIMPFT','08:00',8);
insert into TURNO values ('TURNOIMPPT1','08:00',6);
insert into TURNO values ('TURNOIMPPT2','14:00',6);

-- POPOLAMENTO RISPETTA
insert into RISPETTA values ('100','TURNOOCFT',to_date('01/OTT/2019 10:00', 'DD/MON/YYYY HH24:MI'), to_date('01/OTT/2019 18:00', 'DD/MON/YYYY HH24:MI'));
insert into RISPETTA values ('101','TURNOOCPT1',to_date('01/OTT/2019 08:05', 'DD/MON/YYYY HH24:MI'), to_date('01/OTT/2019 13:05', 'DD/MON/YYYY HH24:MI'));
insert into RISPETTA values ('102','TURNOOCPT2',to_date('01/OTT/2019 15:00', 'DD/MON/YYYY HH24:MI'), to_date('01/OTT/2019 20:00', 'DD/MON/YYYY HH24:MI'));
insert into RISPETTA values ('103','TURNOOCPT1',to_date('01/OTT/2019 08:20', 'DD/MON/YYYY HH24:MI'), to_date('01/OTT/2019 13:00', 'DD/MON/YYYY HH24:MI'));
insert into RISPETTA values ('104','TURNOOCFT',to_date('01/OTT/2019 10:10', 'DD/MON/YYYY HH24:MI'), to_date('01/OTT/2019 18:00', 'DD/MON/YYYY HH24:MI'));
insert into RISPETTA values ('105','TURNOOCPT2',to_date('01/OTT/2019 15:15', 'DD/MON/YYYY HH24:MI'), to_date('01/OTT/2019 20:00', 'DD/MON/YYYY HH24:MI'));
insert into RISPETTA values ('106','TURNOOCPT2',to_date('01/OTT/2019 15:00', 'DD/MON/YYYY HH24:MI'), to_date('01/OTT/2019 20:00', 'DD/MON/YYYY HH24:MI'));
insert into RISPETTA values ('107','TURNOOCFT',to_date('01/OTT/2019 10:00', 'DD/MON/YYYY HH24:MI'), to_date('01/OTT/2019 18:00', 'DD/MON/YYYY HH24:MI'));
insert into RISPETTA values ('108','TURNOOCPT1',to_date('01/OTT/2019 08:05', 'DD/MON/YYYY HH24:MI'), to_date('01/OTT/2019 13:00', 'DD/MON/YYYY HH24:MI'));
insert into RISPETTA values ('109','TURNOOCFT',to_date('01/OTT/2019 10:15', 'DD/MON/YYYY HH24:MI'), to_date('01/OTT/2019 18:00', 'DD/MON/YYYY HH24:MI'));
insert into RISPETTA values ('110','TURNOOCPT1',to_date('01/OTT/2019 08:00', 'DD/MON/YYYY HH24:MI'), to_date('01/OTT/2019 13:00', 'DD/MON/YYYY HH24:MI'));
insert into RISPETTA values ('111','TURNOOCPT2',to_date('01/OTT/2019 15:00', 'DD/MON/YYYY HH24:MI'), to_date('01/OTT/2019 20:00', 'DD/MON/YYYY HH24:MI'));
insert into RISPETTA values ('112','TURNOOCPT2',to_date('01/OTT/2019 15:05', 'DD/MON/YYYY HH24:MI'), to_date('01/OTT/2019 20:00', 'DD/MON/YYYY HH24:MI'));
insert into RISPETTA values ('113','TURNOOCFT',to_date('01/OTT/2019 10:00', 'DD/MON/YYYY HH24:MI'), to_date('01/OTT/2019 18:00', 'DD/MON/YYYY HH24:MI'));
insert into RISPETTA values ('114','TURNOOCPT1',to_date('01/OTT/2019 08:10', 'DD/MON/YYYY HH24:MI'), to_date('01/OTT/2019 13:10', 'DD/MON/YYYY HH24:MI'));
insert into RISPETTA values ('115','TURNOOCPT2',to_date('01/OTT/2019 15:00', 'DD/MON/YYYY HH24:MI'), to_date('01/OTT/2019 20:00', 'DD/MON/YYYY HH24:MI'));
insert into RISPETTA values ('116','TURNOOCFT',to_date('01/OTT/2019 10:00', 'DD/MON/YYYY HH24:MI'), to_date('01/OTT/2019 18:00', 'DD/MON/YYYY HH24:MI'));
insert into RISPETTA values ('117','TURNOOCPT1',to_date('01/OTT/2019 08:15', 'DD/MON/YYYY HH24:MI'), to_date('01/OTT/2019 13:00', 'DD/MON/YYYY HH24:MI'));
insert into RISPETTA values ('118','TURNOOCPT2',to_date('01/OTT/2019 15:00', 'DD/MON/YYYY HH24:MI'), to_date('01/OTT/2019 20:00', 'DD/MON/YYYY HH24:MI'));
insert into RISPETTA values ('119','TURNOOCFT',to_date('01/OTT/2019 10:00', 'DD/MON/YYYY HH24:MI'), to_date('01/OTT/2019 18:00', 'DD/MON/YYYY HH24:MI'));
insert into RISPETTA values ('120','TURNOOCPT1',to_date('01/OTT/2019 08:15', 'DD/MON/YYYY HH24:MI'), to_date('01/OTT/2019 13:00', 'DD/MON/YYYY HH24:MI'));
insert into RISPETTA values ('121','TURNOOCPT2',to_date('01/OTT/2019 15:00', 'DD/MON/YYYY HH24:MI'), to_date('01/OTT/2019 20:00', 'DD/MON/YYYY HH24:MI'));
insert into RISPETTA values ('122','TURNOOCFT',to_date('01/OTT/2019 10:00', 'DD/MON/YYYY HH24:MI'), to_date('01/OTT/2019 18:00', 'DD/MON/YYYY HH24:MI'));
insert into RISPETTA values ('123','TURNOOCPT1',to_date('01/OTT/2019 08:10', 'DD/MON/YYYY HH24:MI'), to_date('01/OTT/2019 13:00', 'DD/MON/YYYY HH24:MI'));
insert into RISPETTA values ('124','TURNOOCPT2',to_date('01/OTT/2019 15:00', 'DD/MON/YYYY HH24:MI'), to_date('01/OTT/2019 20:00', 'DD/MON/YYYY HH24:MI'));
insert into RISPETTA values ('125','TURNOIMPPT1',to_date('01/OTT/2019 08:10' ,'DD/MON/YYYY HH24:MI'),to_date('01/OTT/2019 19:15','DD/MON/YYYY HH24:MI'));
insert into RISPETTA values ('126','TURNOIMPPT2',to_date('01/OTT/2019 08:15' ,'DD/MON/YYYY HH24:MI'),to_date('01/OTT/2019 19:10','DD/MON/YYYY HH24:MI'));
insert into RISPETTA values ('127','TURNOIMPFT',to_date('01/OTT/2019 08:00','DD/MON/YYYY HH24:MI'),to_date('01/OTT/2019 19:05','DD/MON/YYYY HH24:MI'));
insert into RISPETTA values ('128','TURNOIMPPT1',to_date('01/OTT/2019 08:20','DD/MON/YYYY HH24:MI'),to_date('01/OTT/2019 19:25','DD/MON/YYYY HH24:MI'));
insert into RISPETTA values ('129','TURNOIMPPT2',to_date('01/OTT/2019 08:30','DD/MON/YYYY HH24:MI'),to_date('01/OTT/2019 19:35','DD/MON/YYYY HH24:MI'));
insert into RISPETTA values ('130','TURNOIMPFT',to_date('01/OTT/2019 08:03','DD/MON/YYYY HH24:MI'),to_date('01/OTT/2019 19:05','DD/MON/YYYY HH24:MI'));
insert into RISPETTA values ('131','TURNOIMPPT1',to_date('01/OTT/2019 08:07','DD/MON/YYYY HH24:MI'),to_date('01/OTT/2019 19:10','DD/MON/YYYY HH24:MI'));
insert into RISPETTA values ('132','TURNOIMPPT2',to_date('01/OTT/2019 08:01','DD/MON/YYYY HH24:MI'),to_date('01/OTT/2019 19:27','DD/MON/YYYY HH24:MI'));
insert into RISPETTA values ('133','TURNOIMPFT',to_date('01/OTT/2019 08:13','DD/MON/YYYY HH24:MI'),to_date('01/OTT/2019 19:18','DD/MON/YYYY HH24:MI'));
insert into RISPETTA values ('134','TURNOIMPPT1',to_date('01/OTT/2019 08:21','DD/MON/YYYY HH24:MI'),to_date('01/OTT/2019 19:12','DD/MON/YYYY HH24:MI'));
insert into RISPETTA values ('135','TURNOIMPPT2',to_date('01/OTT/2019 08:11','DD/MON/YYYY HH24:MI'),to_date('01/OTT/2019 19:11','DD/MON/YYYY HH24:MI'));
insert into RISPETTA values ('136','TURNOIMPFT',to_date('01/OTT/2019 08:06','DD/MON/YYYY HH24:MI'),to_date('01/OTT/2019 19:07','DD/MON/YYYY HH24:MI'));
insert into RISPETTA values ('137','TURNOIMPPT1',to_date('01/OTT/2019 08:21','DD/MON/YYYY HH24:MI'),to_date('01/OTT/2019 19:16','DD/MON/YYYY HH24:MI'));
insert into RISPETTA values ('138','TURNOIMPPT2',to_date('01/OTT/2019 08:13','DD/MON/YYYY HH24:MI'),to_date('01/OTT/2019 19:27','DD/MON/YYYY HH24:MI'));
insert into RISPETTA values ('139','TURNOIMPFT',to_date('01/OTT/2019 08:12','DD/MON/YYYY HH24:MI'),to_date('01/OTT/2019 19:35','DD/MON/YYYY HH24:MI'));
insert into RISPETTA values ('140','TURNOIMPPT1',to_date('01/OTT/2019 08:11','DD/MON/YYYY HH24:MI'),to_date('01/OTT/2019 19:18','DD/MON/YYYY HH24:MI'));
insert into RISPETTA values ('141','TURNOIMPPT2',to_date('01/OTT/2019 08:04','DD/MON/YYYY HH24:MI'),to_date('01/OTT/2019 19:12','DD/MON/YYYY HH24:MI'));
insert into RISPETTA values ('142','TURNOIMPFT',to_date('01/OTT/2019 08:17','DD/MON/YYYY HH24:MI'),to_date('01/OTT/2019 19:17','DD/MON/YYYY HH24:MI'));
insert into RISPETTA values ('143','TURNOIMPPT1',to_date('01/OTT/2019 08:12','DD/MON/YYYY HH24:MI'),to_date('01/OTT/2019 19:11','DD/MON/YYYY HH24:MI'));
insert into RISPETTA values ('144','TURNOIMPPT2',to_date('01/OTT/2019 08:02','DD/MON/YYYY HH24:MI'),to_date('01/OTT/2019 19:11','DD/MON/YYYY HH24:MI'));
insert into RISPETTA values ('145','TURNOIMPFT',to_date('01/OTT/2019 08:13','DD/MON/YYYY HH24:MI'),to_date('01/OTT/2019 19:18','DD/MON/YYYY HH24:MI'));
insert into RISPETTA values ('146','TURNOIMPPT1',to_date('01/OTT/2019 08:12','DD/MON/YYYY HH24:MI'),to_date('01/OTT/2019 19:21','DD/MON/YYYY HH24:MI'));
insert into RISPETTA values ('147','TURNOIMPPT2',to_date('01/OTT/2019 08:11','DD/MON/YYYY HH24:MI'),to_date('01/OTT/2019 19:09','DD/MON/YYYY HH24:MI'));
insert into RISPETTA values ('148','TURNOIMPFT',to_date('01/OTT/2019 08:12','DD/MON/YYYY HH24:MI'),to_date('01/OTT/2019 19:11','DD/MON/YYYY HH24:MI'));
insert into RISPETTA values ('149','TURNOIMPPT1',to_date('01/OTT/2019 08:02','DD/MON/YYYY HH24:MI'),to_date('01/OTT/2019 19:12','DD/MON/YYYY HH24:MI'));

-- POPOLAMENTO CLIENTE
insert into CLIENTE values ('3312697201','Gianluigi','Riccardo','CODFISCLIENTE001');
insert into CLIENTE values ('3479102672','Marco','Rossi','CODFISCLIENTE002');
insert into CLIENTE values ('3496102349','Marta','Kent','CODFISCLIENTE003');
insert into CLIENTE values ('3234901298','Antonio','Esposito','CODFISCLIENTE004');
insert into CLIENTE values ('3334004956','Emanuele','Fogli','CODFISCLIENTE005');
insert into CLIENTE values ('3485016697','Emma','Bianchi','CODFISCLIENTE006');
insert into CLIENTE values ('3614957720','Mario','Conte','CODFISCLIENTE007');
insert into CLIENTE values ('3462019554','Valerio','Rizzo','CODFISCLIENTE008');
insert into CLIENTE values ('3413061987','Vittoria','Ferro','CODFISCLIENTE009');
insert into CLIENTE values ('3462016920','Luigi','Bocci','CODFISCLIENTE010');
insert into CLIENTE values ('3479102667','Carlo','Ferrante','CODFISCLIENTE011');
insert into CLIENTE values ('3334063387','Giusy','Pagano','CODFISCLIENTE012');
insert into CLIENTE values ('3489201677','Daniele','Botta','CODFISCLIENTE013');
insert into CLIENTE values ('3495016720','Fabio','Villa','CODFISCLIENTE014');
insert into CLIENTE values ('3621403779','Giovanna','Benedetti','CODFISCLIENTE015');

-- POPOLAMENTO VISITA_OCULISTICA_PRENOTATA
insert into  VISITA_OCULISTICA_PRENOTATA values ('3312697201',to_date('03/GEN/2019 11:00', 'DD/MON/YYYY HH24:MI'));
insert into  VISITA_OCULISTICA_PRENOTATA values ('3479102672',to_date('04/GEN/2019 11:00', 'DD/MON/YYYY HH24:MI'));
insert into  VISITA_OCULISTICA_PRENOTATA values ('3496102349',to_date('07/GEN/2019 10:00', 'DD/MON/YYYY HH24:MI'));
insert into  VISITA_OCULISTICA_PRENOTATA values ('3234901298',to_date('08/GEN/2019 10:00', 'DD/MON/YYYY HH24:MI'));
insert into  VISITA_OCULISTICA_PRENOTATA values ('3334004956',to_date('07/GEN/2019 12:00', 'DD/MON/YYYY HH24:MI'));
insert into  VISITA_OCULISTICA_PRENOTATA values ('3485016697',to_date('08/GEN/2019 12:00', 'DD/MON/YYYY HH24:MI'));
insert into  VISITA_OCULISTICA_PRENOTATA values ('3614957720',to_date('09/GEN/2019 16:00', 'DD/MON/YYYY HH24:MI'));
insert into  VISITA_OCULISTICA_PRENOTATA values ('3462019554',to_date('10/GEN/2019 16:00', 'DD/MON/YYYY HH24:MI'));
insert into  VISITA_OCULISTICA_PRENOTATA values ('3413061987',to_date('11/GEN/2019 17:00', 'DD/MON/YYYY HH24:MI'));
insert into  VISITA_OCULISTICA_PRENOTATA values ('3462019554',to_date('14/GEN/2019 14:00', 'DD/MON/YYYY HH24:MI'));
insert into  VISITA_OCULISTICA_PRENOTATA values ('3479102667',to_date('15/GEN/2019 10:00', 'DD/MON/YYYY HH24:MI'));
insert into  VISITA_OCULISTICA_PRENOTATA values ('3334063387',to_date('14/GEN/2019 15:00', 'DD/MON/YYYY HH24:MI'));
insert into  VISITA_OCULISTICA_PRENOTATA values ('3489201677',to_date('15/GEN/2019 09:00', 'DD/MON/YYYY HH24:MI'));
insert into  VISITA_OCULISTICA_PRENOTATA values ('3495016720',to_date('16/GEN/2019 09:00', 'DD/MON/YYYY HH24:MI'));
insert into  VISITA_OCULISTICA_PRENOTATA values ('3621403779',to_date('17/GEN/2019 10:00', 'DD/MON/YYYY HH24:MI'));
insert into  VISITA_OCULISTICA_PRENOTATA values ('3312697201',to_date('03/MAG/2019 10:00', 'DD/MON/YYYY HH24:MI'));
insert into  VISITA_OCULISTICA_PRENOTATA values ('3479102672',to_date('06/MAG/2019 11:00', 'DD/MON/YYYY HH24:MI'));
insert into  VISITA_OCULISTICA_PRENOTATA values ('3496102349',to_date('07/MAG/2019 11:00', 'DD/MON/YYYY HH24:MI'));
insert into  VISITA_OCULISTICA_PRENOTATA values ('3234901298',to_date('06/MAG/2019 12:00', 'DD/MON/YYYY HH24:MI'));
insert into  VISITA_OCULISTICA_PRENOTATA values ('3334004956',to_date('07/MAG/2019 12:00', 'DD/MON/YYYY HH24:MI'));
insert into  VISITA_OCULISTICA_PRENOTATA values ('3485016697',to_date('08/MAG/2019 16:00', 'DD/MON/YYYY HH24:MI'));
insert into  VISITA_OCULISTICA_PRENOTATA values ('3614957720',to_date('09/MAG/2019 16:00', 'DD/MON/YYYY HH24:MI'));
insert into  VISITA_OCULISTICA_PRENOTATA values ('3462019554',to_date('10/MAG/2019 17:00', 'DD/MON/YYYY HH24:MI'));
insert into  VISITA_OCULISTICA_PRENOTATA values ('3413061987',to_date('13/MAG/2019 17:00', 'DD/MON/YYYY HH24:MI'));
insert into  VISITA_OCULISTICA_PRENOTATA values ('3462019554',to_date('14/MAG/2019 11:30', 'DD/MON/YYYY HH24:MI'));

-- POPOLAMENTO VISITA_OCULISTICA_EFFETTUATA
insert into VISITA_OCULISTICA_EFFETTUATA values ('100',to_date('29/MAR/2019 11:00', 'DD/MON/YYYY HH24:MI'), to_date('29/MAR/2019 12:00', 'DD/MON/YYYY HH24:MI'),'3312697201', to_date('03/GEN/2019 11:00', 'DD/MON/YYYY HH24:MI'));
insert into VISITA_OCULISTICA_EFFETTUATA values ('101',to_date('10/APR/2019 09:00', 'DD/MON/YYYY HH24:MI'), to_date('10/APR/2019 10:00', 'DD/MON/YYYY HH24:MI'),'3479102672', to_date('04/GEN/2019 11:00', 'DD/MON/YYYY HH24:MI'));
insert into VISITA_OCULISTICA_EFFETTUATA values ('102',to_date('15/APR/2019 09:00', 'DD/MON/YYYY HH24:MI'), to_date('15/APR/2019 10:00', 'DD/MON/YYYY HH24:MI'),'3496102349', to_date('07/GEN/2019 10:00', 'DD/MON/YYYY HH24:MI'));
insert into VISITA_OCULISTICA_EFFETTUATA values ('103',to_date('22/APR/2019 11:00', 'DD/MON/YYYY HH24:MI'), to_date('22/APR/2019 12:00', 'DD/MON/YYYY HH24:MI'),'3234901298', to_date('08/GEN/2019 10:00', 'DD/MON/YYYY HH24:MI'));
insert into VISITA_OCULISTICA_EFFETTUATA values ('104',to_date('03/MAG/2019 13:00', 'DD/MON/YYYY HH24:MI'), to_date('03/MAG/2019 14:00', 'DD/MON/YYYY HH24:MI'),'3334004956', to_date('07/GEN/2019 12:00', 'DD/MON/YYYY HH24:MI'));
insert into VISITA_OCULISTICA_EFFETTUATA values ('105',to_date('06/MAG/2019 11:00', 'DD/MON/YYYY HH24:MI'), to_date('06/MAG/2019 12:00', 'DD/MON/YYYY HH24:MI'),'3485016697', to_date('08/GEN/2019 12:00', 'DD/MON/YYYY HH24:MI'));
insert into VISITA_OCULISTICA_EFFETTUATA values ('106',to_date('06/MAG/2019 09:00', 'DD/MON/YYYY HH24:MI'), to_date('06/MAG/2019 10:00', 'DD/MON/YYYY HH24:MI'),'3614957720', to_date('09/GEN/2019 16:00', 'DD/MON/YYYY HH24:MI'));
insert into VISITA_OCULISTICA_EFFETTUATA values ('107',to_date('08/MAG/2019 09:00', 'DD/MON/YYYY HH24:MI'), to_date('08/MAG/2019 10:00', 'DD/MON/YYYY HH24:MI'),'3462019554', to_date('10/GEN/2019 16:00', 'DD/MON/YYYY HH24:MI'));
insert into VISITA_OCULISTICA_EFFETTUATA values ('108',to_date('08/MAG/2019 11:00', 'DD/MON/YYYY HH24:MI'), to_date('08/MAG/2019 12:00', 'DD/MON/YYYY HH24:MI'),'3413061987', to_date('11/GEN/2019 17:00', 'DD/MON/YYYY HH24:MI'));
insert into VISITA_OCULISTICA_EFFETTUATA values ('109',to_date('10/MAG/2019 13:00', 'DD/MON/YYYY HH24:MI'), to_date('10/MAG/2019 14:00', 'DD/MON/YYYY HH24:MI'),'3462019554', to_date('14/GEN/2019 14:00', 'DD/MON/YYYY HH24:MI'));
insert into VISITA_OCULISTICA_EFFETTUATA values ('110',to_date('22/MAG/2019 11:00', 'DD/MON/YYYY HH24:MI'), to_date('22/MAG/2019 12:00', 'DD/MON/YYYY HH24:MI'),'3479102667', to_date('15/GEN/2019 10:00', 'DD/MON/YYYY HH24:MI'));
insert into VISITA_OCULISTICA_EFFETTUATA values ('111',to_date('20/MAG/2019 09:00', 'DD/MON/YYYY HH24:MI'), to_date('20/MAG/2019 10:00', 'DD/MON/YYYY HH24:MI'),'3334063387', to_date('14/GEN/2019 15:00', 'DD/MON/YYYY HH24:MI'));
insert into VISITA_OCULISTICA_EFFETTUATA values ('112',to_date('17/GIU/2019 09:00', 'DD/MON/YYYY HH24:MI'), to_date('17/GIU/2019 10:00', 'DD/MON/YYYY HH24:MI'),'3489201677', to_date('15/GEN/2019 09:00', 'DD/MON/YYYY HH24:MI'));
insert into VISITA_OCULISTICA_EFFETTUATA values ('113',to_date('21/GIU/2019 11:00', 'DD/MON/YYYY HH24:MI'), to_date('21/GIU/2019 12:00', 'DD/MON/YYYY HH24:MI'),'3495016720', to_date('16/GEN/2019 09:00', 'DD/MON/YYYY HH24:MI'));
insert into VISITA_OCULISTICA_EFFETTUATA values ('114',to_date('05/LUG/2019 13:00', 'DD/MON/YYYY HH24:MI'), to_date('05/LUG/2019 14:00', 'DD/MON/YYYY HH24:MI'),'3621403779', to_date('17/GEN/2019 10:00', 'DD/MON/YYYY HH24:MI'));
insert into VISITA_OCULISTICA_EFFETTUATA values ('115',to_date('05/LUG/2019 11:00', 'DD/MON/YYYY HH24:MI'), to_date('05/LUG/2019 12:00', 'DD/MON/YYYY HH24:MI'),'3312697201', to_date('03/MAG/2019 10:00', 'DD/MON/YYYY HH24:MI'));
insert into VISITA_OCULISTICA_EFFETTUATA values ('116',to_date('10/LUG/2019 09:00', 'DD/MON/YYYY HH24:MI'), to_date('10/LUG/2019 10:00', 'DD/MON/YYYY HH24:MI'),'3479102672', to_date('06/MAG/2019 11:00', 'DD/MON/YYYY HH24:MI'));
insert into VISITA_OCULISTICA_EFFETTUATA values ('117',to_date('15/LUG/2019 09:00', 'DD/MON/YYYY HH24:MI'), to_date('15/LUG/2019 10:00', 'DD/MON/YYYY HH24:MI'),'3496102349', to_date('07/MAG/2019 11:00', 'DD/MON/YYYY HH24:MI'));
insert into VISITA_OCULISTICA_EFFETTUATA values ('118',to_date('19/LUG/2019 11:00', 'DD/MON/YYYY HH24:MI'), to_date('19/LUG/2019 12:00', 'DD/MON/YYYY HH24:MI'),'3234901298', to_date('06/MAG/2019 12:00', 'DD/MON/YYYY HH24:MI'));
insert into VISITA_OCULISTICA_EFFETTUATA values ('119',to_date('04/SET/2019 13:00', 'DD/MON/YYYY HH24:MI'), to_date('04/SET/2019 14:00', 'DD/MON/YYYY HH24:MI'),'3334004956', to_date('07/MAG/2019 12:00', 'DD/MON/YYYY HH24:MI'));
insert into VISITA_OCULISTICA_EFFETTUATA values ('120',to_date('27/SET/2019 11:00', 'DD/MON/YYYY HH24:MI'), to_date('27/SET/2019 12:00', 'DD/MON/YYYY HH24:MI'),'3485016697', to_date('08/MAG/2019 16:00', 'DD/MON/YYYY HH24:MI'));
insert into VISITA_OCULISTICA_EFFETTUATA values ('121',to_date('11/OTT/2019 10:00', 'DD/MON/YYYY HH24:MI'), to_date('11/OTT/2019 11:00', 'DD/MON/YYYY HH24:MI'),'3614957720', to_date('09/MAG/2019 16:00', 'DD/MON/YYYY HH24:MI'));
insert into VISITA_OCULISTICA_EFFETTUATA values ('122',to_date('14/OTT/2019 09:00', 'DD/MON/YYYY HH24:MI'), to_date('14/OTT/2019 10:00', 'DD/MON/YYYY HH24:MI'),'3462019554', to_date('10/MAG/2019 17:00', 'DD/MON/YYYY HH24:MI'));
insert into VISITA_OCULISTICA_EFFETTUATA values ('123',to_date('21/OTT/2019 11:00', 'DD/MON/YYYY HH24:MI'), to_date('21/OTT/2019 12:00', 'DD/MON/YYYY HH24:MI'),'3413061987', to_date('13/MAG/2019 17:00', 'DD/MON/YYYY HH24:MI'));
insert into VISITA_OCULISTICA_EFFETTUATA values ('124',to_date('04/NOV/2019 13:00', 'DD/MON/YYYY HH24:MI'), to_date('04/NOV/2019 14:00', 'DD/MON/YYYY HH24:MI'),'3462019554', to_date('14/MAG/2019 11:30', 'DD/MON/YYYY HH24:MI'));

-- POPOLAMENTO PRESCRIZIONE
insert into PRESCRIZIONE values ('71','DISTANZA',3,50,70,70,20,40,'100', to_date('29/MAR/2019 11:00', 'DD/MON/YYYY HH24:MI'));
insert into PRESCRIZIONE values ('72','PERMANENZA',6,60,100,30,10,140,'101', to_date('10/APR/2019 09:00', 'DD/MON/YYYY HH24:MI'));
insert into PRESCRIZIONE values ('73','DISTANZA',5,20,140,110,60,90,'102', to_date('15/APR/2019 09:00', 'DD/MON/YYYY HH24:MI'));
insert into PRESCRIZIONE values ('74','VICINO',9,190,20,80,120,45,'103', to_date('22/APR/2019 11:00', 'DD/MON/YYYY HH24:MI'));
insert into PRESCRIZIONE values ('75','PERMANENZA',30,170,20,40,140,120,'104', to_date('03/MAG/2019 13:00', 'DD/MON/YYYY HH24:MI'));
insert into PRESCRIZIONE values ('76','VICINO',30,90,170,50,20,140,'105', to_date('06/MAG/2019 11:00', 'DD/MON/YYYY HH24:MI'));
insert into PRESCRIZIONE values ('77','DISTANZA',3,50,70,70,20,40,'106', to_date('06/MAG/2019 09:00', 'DD/MON/YYYY HH24:MI'));
insert into PRESCRIZIONE values ('78','PERMANENZA',6,60,100,30,10,140,'107', to_date('08/MAG/2019 09:00', 'DD/MON/YYYY HH24:MI'));
insert into PRESCRIZIONE values ('79','DISTANZA',5,20,140,110,60,90,'108', to_date('08/MAG/2019 11:00', 'DD/MON/YYYY HH24:MI'));
insert into PRESCRIZIONE values ('80','VICINO',9,190,20,80,120,45,'109', to_date('10/MAG/2019 13:00', 'DD/MON/YYYY HH24:MI'));
insert into PRESCRIZIONE values ('81','DISTANZA',3,50,70,70,20,40,'110', to_date('22/MAG/2019 11:00', 'DD/MON/YYYY HH24:MI'));
insert into PRESCRIZIONE values ('82','PERMANENZA',6,60,100,30,10,140,'111', to_date('20/MAG/2019 09:00', 'DD/MON/YYYY HH24:MI'));
insert into PRESCRIZIONE values ('83','DISTANZA',5,20,140,110,60,90,'112', to_date('17/GIU/2019 09:00', 'DD/MON/YYYY HH24:MI'));
insert into PRESCRIZIONE values ('84','VICINO',9,190,20,80,120,45,'113', to_date('21/GIU/2019 11:00', 'DD/MON/YYYY HH24:MI'));
insert into PRESCRIZIONE values ('85','PERMANENZA',30,170,20,40,140,100,'114', to_date('05/LUG/2019 13:00', 'DD/MON/YYYY HH24:MI'));
insert into PRESCRIZIONE values ('86','VICINO',30,90,170,50,20,140,'115', to_date('05/LUG/2019 11:00', 'DD/MON/YYYY HH24:MI'));
insert into PRESCRIZIONE values ('87','DISTANZA',3,50,70,70,20,40,'116', to_date('10/LUG/2019 09:00', 'DD/MON/YYYY HH24:MI'));
insert into PRESCRIZIONE values ('88','PERMANENZA',6,60,100,30,10,140,'117', to_date('15/LUG/2019 09:00', 'DD/MON/YYYY HH24:MI'));
insert into PRESCRIZIONE values ('89','DISTANZA',5,20,140,110,60,90,'118', to_date('19/LUG/2019 11:00', 'DD/MON/YYYY HH24:MI'));
insert into PRESCRIZIONE values ('90','VICINO',9,190,20,80,120,45,'119', to_date('04/SET/2019 13:00', 'DD/MON/YYYY HH24:MI'));
insert into PRESCRIZIONE values ('91','PERMANENZA',30,170,20,40,140,110,'120', to_date('27/SET/2019 11:00', 'DD/MON/YYYY HH24:MI'));
insert into PRESCRIZIONE values ('92','VICINO',30,90,170,50,20,140,'121', to_date('11/OTT/2019 10:00', 'DD/MON/YYYY HH24:MI'));
insert into PRESCRIZIONE values ('93','DISTANZA',3,50,70,70,20,40,'122', to_date('14/OTT/2019 09:00', 'DD/MON/YYYY HH24:MI'));
insert into PRESCRIZIONE values ('94','PERMANENZA',6,60,100,30,10,120,'123', to_date('21/OTT/2019 11:00', 'DD/MON/YYYY HH24:MI'));
insert into PRESCRIZIONE values ('95','DISTANZA',5,20,140,110,60,90,'124', to_date('04/NOV/2019 13:00', 'DD/MON/YYYY HH24:MI'));

-- POPOLAMENTO ORDINE
insert into ORDINE VALUES ('1','142', to_date('28/MAR/2019 11:30', 'DD/MON/YYYY HH24:MI'),'71',null,370,100);
insert into ORDINE VALUES ('2','144', to_date('10/APR/2019 10:00', 'DD/MON/YYYY HH24:MI'),'72',null,230,default);
insert into ORDINE VALUES ('3','147', to_date('17/APR/2019 10:00', 'DD/MON/YYYY HH24:MI'),'73',10,315,70);
insert into ORDINE VALUES ('4','143', to_date('23/APR/2019 11:00', 'DD/MON/YYYY HH24:MI'),'74',15,255,100);
insert into ORDINE VALUES ('5','144', to_date('07/MAG/2019 12:00', 'DD/MON/YYYY HH24:MI'),'75',20,200,150);
insert into ORDINE VALUES ('6','145', to_date('09/MAG/2019 15:00', 'DD/MON/YYYY HH24:MI'),'77',null,320,120);
insert into ORDINE VALUES ('7','148', to_date('08/MAG/2019 10:00', 'DD/MON/YYYY HH24:MI'),'78',10,297,90);
insert into ORDINE VALUES ('8','146', to_date('09/MAG/2019 16:00', 'DD/MON/YYYY HH24:MI'),'79',null,360,40);
insert into ORDINE VALUES ('9','149', to_date('10/MAG/2019 13:40', 'DD/MON/YYYY HH24:MI'),'80',10,243,60);
insert into ORDINE VALUES ('10','143', to_date('22/MAG/2019 09:55', 'DD/MON/YYYY HH24:MI'),'82',10,234,100);
insert into ORDINE VALUES ('11','142', to_date('17/GIU/2019 09:00', 'DD/MON/YYYY HH24:MI'),'83',null,370,default);
insert into ORDINE VALUES ('12','146', to_date('05/LUG/2019 11:00', 'DD/MON/YYYY HH24:MI'),'85',null,230,110);
insert into ORDINE VALUES ('13','148', to_date('05/LUG/2019 11:20', 'DD/MON/YYYY HH24:MI'),'86',15,298,100);
insert into ORDINE VALUES ('14','147', to_date('10/LUG/2019 09:35', 'DD/MON/YYYY HH24:MI'),'87',10,270,70);
insert into ORDINE VALUES ('15','148', to_date('16/LUG/2019 10:30', 'DD/MON/YYYY HH24:MI'),'88',null,250,130);
insert into ORDINE VALUES ('16','149', to_date('23/LUG/2019 10:00', 'DD/MON/YYYY HH24:MI'),'89',10,288,100);
insert into ORDINE VALUES ('17','142', to_date('06/SET/2019 17:00', 'DD/MON/YYYY HH24:MI'),'90',null,330,250);
insert into ORDINE VALUES ('18','144', to_date('30/SET/2019 18:00', 'DD/MON/YYYY HH24:MI'),'91',20,288,120);
insert into ORDINE VALUES ('19','145', to_date('16/OTT/2019 19:00', 'DD/MON/YYYY HH24:MI'),'93',null,270,80);
insert into ORDINE VALUES ('20','147', to_date('21/OTT/2019 11:45', 'DD/MON/YYYY HH24:MI'),'94',null,260,default);

-- POPOLAMENTO CONSEGNA
insert into CONSEGNA values ('201','1', to_date('01/APR/2019 16:30', 'DD/MON/YYYY HH24:MI'),270);
insert into CONSEGNA values ('202','2', to_date('15/APR/2019 11:00', 'DD/MON/YYYY HH24:MI'),230);
insert into CONSEGNA values ('203','3', to_date('22/APR/2019 17:00', 'DD/MON/YYYY HH24:MI'),245);
insert into CONSEGNA values ('204','4', to_date('29/APR/2019 18:00', 'DD/MON/YYYY HH24:MI'),155);
insert into CONSEGNA values ('205','6', to_date('20/MAG/2019 10:00', 'DD/MON/YYYY HH24:MI'),200);
insert into CONSEGNA values ('206','8', to_date('15/MAG/2019 16:00', 'DD/MON/YYYY HH24:MI'),320);
insert into CONSEGNA values ('207','9', to_date('13/MAG/2019 17:20', 'DD/MON/YYYY HH24:MI'),183);
insert into CONSEGNA values ('208','10', to_date('23/MAG/2019 12:25', 'DD/MON/YYYY HH24:MI'),134);
insert into CONSEGNA values ('209','11', to_date('18/GIU/2019 15:35', 'DD/MON/YYYY HH24:MI'),370);
insert into CONSEGNA values ('210','12', to_date('12/LUG/2019 12:00', 'DD/MON/YYYY HH24:MI'),120);
insert into CONSEGNA values ('211','14', to_date('15/LUG/2019 16:35', 'DD/MON/YYYY HH24:MI'),200);
insert into CONSEGNA values ('212','15', to_date('19/LUG/2019 10:30', 'DD/MON/YYYY HH24:MI'),120);
insert into CONSEGNA values ('213','16', to_date('29/LUG/2019 17:20', 'DD/MON/YYYY HH24:MI'),188);
insert into CONSEGNA values ('214','18', to_date('03/OTT/2019 15:50', 'DD/MON/YYYY HH24:MI'),168);
insert into CONSEGNA values ('215','19', to_date('21/OTT/2019 18:00', 'DD/MON/YYYY HH24:MI'),190);

-- POPOLAMENTO FORNITORE
insert into FORNITORE values ('87365873562','Gucci');
insert into FORNITORE values ('43638362843','Optilab');
insert into FORNITORE values ('29854664564','Eyesfashion');
insert into FORNITORE values ('94830337988','Ottica srl');
insert into FORNITORE values ('45346459987','Tecnottica');
insert into FORNITORE values ('35432534534','Quasar');
insert into FORNITORE values ('94938384089','Islaverde');
insert into FORNITORE values ('88438323284','Cosmoland');
insert into FORNITORE values ('65830074853','Icansee');
insert into FORNITORE values ('39489382798','Lama Optical');

-- POPOLAMENTO TELEFONO_FORNITORE
insert into TELEFONO_FORNITORE values ('39489382798','0772374648');
insert into TELEFONO_FORNITORE values ('39489382798','0774374648');
insert into TELEFONO_FORNITORE values ('65830074853','0816364733');
insert into TELEFONO_FORNITORE values ('88438323284','0223473956');
insert into TELEFONO_FORNITORE values ('94938384089','0824638282');
insert into TELEFONO_FORNITORE values ('35432534534','0676328463');
insert into TELEFONO_FORNITORE values ('45346459987','0363527387');
insert into TELEFONO_FORNITORE values ('45346459987','0365527387');
insert into TELEFONO_FORNITORE values ('94830337988','0516354737');
insert into TELEFONO_FORNITORE values ('29854664564','0116623822');
insert into TELEFONO_FORNITORE values ('43638362843','0554262728');
insert into TELEFONO_FORNITORE values ('87365873562','0514372894');
insert into TELEFONO_FORNITORE values ('87365873562','0516372894');

-- POPOLAMENTO FORNITURA
insert into FORNITURA values ('FORN000301','87365873562','133',to_date('10/GEN/2019 10:50', 'DD/MON/YYYY HH24:MI'), to_date('10-GEN-2019 12:40', 'DD/MON/YYYY HH24:MI'),10,'BRT');
insert into FORNITURA values ('FORN000302','87365873562','133',to_date('08/FEB/2019 10:00', 'DD/MON/YYYY HH24:MI'), to_date('08/FEB/2019 12:00', 'DD/MON/YYYY HH24:MI'),10,'BRT');
insert into FORNITURA values ('FORN000303','43638362843','134',to_date('27/FEB/2019 11:00', 'DD/MON/YYYY HH24:MI'), to_date('27/FEB/2019 14:30', 'DD/MON/YYYY HH24:MI'),15,'DHL');
insert into FORNITURA values ('FORN000304','43638362843','134',to_date('01/MAG/2019 09:00', 'DD/MON/YYYY HH24:MI'), to_date('1/MAG/2019 10:30', 'DD/MON/YYYY HH24:MI'),15,'DHL');
insert into FORNITURA values ('FORN000305','29854664564','135',to_date('05/APR/2019 10:40', 'DD/MON/YYYY HH24:MI'), to_date('05/APR/2019 13:00', 'DD/MON/YYYY HH24:MI'),15,'SDA');
insert into FORNITURA values ('FORN000306','29854664564','135',to_date('07/MAR/2019 10:10', 'DD/MON/YYYY HH24:MI'), to_date('07/MAR/2019 11:50', 'DD/MON/YYYY HH24:MI'),15,'SDA');
insert into FORNITURA values ('FORN000307','94830337988','136',to_date('01/GIU/2019 10:15', 'DD/MON/YYYY HH24:MI'), to_date('01/GIU/2019 11:20', 'DD/MON/YYYY HH24:MI'),30,'DHL');
insert into FORNITURA values ('FORN000308','94830337988','136',to_date('03/SET/2019 09:15', 'DD/MON/YYYY HH24:MI'), to_date('03/SET/2019 10:40', 'DD/MON/YYYY HH24:MI'),20,'DHL');
insert into FORNITURA values ('FORN000309','45346459987','137',to_date('04/LUG/2019 09:00', 'DD/MON/YYYY HH24:MI'), to_date('04/LUG/2019 10:20', 'DD/MON/YYYY HH24:MI'),30,'SDA');
insert into FORNITURA values ('FORN000310','45346459987','137',to_date('02/OTT/2019 09:30', 'DD/MON/YYYY HH24:MI'), to_date('02/OTT/2019 10:05', 'DD/MON/YYYY HH24:MI'),30,'SDA');
insert into FORNITURA values ('FORN000311','35432534534','140',to_date('20/OTT/2019 10:09', 'DD/MON/YYYY HH24:MI'), to_date('20/OTT/2019 11:48', 'DD/MON/YYYY HH24:MI'),25,'DHL');
insert into FORNITURA values ('FORN000312','35432534534','140',to_date('10/NOV/2019 11:09', 'DD/MON/YYYY HH24:MI'), to_date('10/NOV/2019 12:48', 'DD/MON/YYYY HH24:MI'),25,'DHL');
insert into FORNITURA values ('FORN000313','94938384089','134',to_date('20/NOV/2019 11:20', 'DD/MON/YYYY HH24:MI'), to_date('20/NOV/2019 13:00', 'DD/MON/YYYY HH24:MI'),30,'TNT');
insert into FORNITURA values ('FORN000314','94938384089','134',to_date('13/DIC/2019 09:40', 'DD/MON/YYYY HH24:MI'), to_date('13/DIC/2019 10:50', 'DD/MON/YYYY HH24:MI'),30,'TNT');
insert into FORNITURA values ('FORN000315','88438323284','139',to_date('20/DIC/2019 10:50', 'DD/MON/YYYY HH24:MI'), to_date('20/DIC/2019 12:40', 'DD/MON/YYYY HH24:MI'),10,'BRT');
insert into FORNITURA values ('FORN000316','88438323284','139',to_date('07/GEN/2020 10:10', 'DD/MON/YYYY HH24:MI'), to_date('07/GEN/2020 11:40', 'DD/MON/YYYY HH24:MI'),10,'BRT');
insert into FORNITURA values ('FORN000317','65830074853','140',to_date('21/GEN/2020 10:00', 'DD/MON/YYYY HH24:MI'), to_date('21/GEN/2020 14:50', 'DD/MON/YYYY HH24:MI'),15,'GLS');
insert into FORNITURA values ('FORN000318','65830074853','140',to_date('03/FEB/2020 10:00', 'DD/MON/YYYY HH24:MI'), to_date('03/FEB/2020 12:18', 'DD/MON/YYYY HH24:MI'),15,'GLS');
insert into FORNITURA values ('FORN000319','39489382798','137',to_date('15/FEB/2020 09:00', 'DD/MON/YYYY HH24:MI'), to_date('15/FEB/2020 10:17', 'DD/MON/YYYY HH24:MI'),30,'SDA');
insert into FORNITURA values ('FORN000320','39489382798','137',to_date('01/MAR/2020 08:45', 'DD/MON/YYYY HH24:MI'), to_date('01/MAR/2020 09:29', 'DD/MON/YYYY HH24:MI'),30,'SDA');

-- POPOLAMENTO PRODOTTO
insert into PRODOTTO values ('800093400',50,70);
insert into PRODOTTO values ('800093401',70,80);
insert into PRODOTTO values ('800093402',50,60);
insert into PRODOTTO values ('800093403',60,80);
insert into PRODOTTO values ('800093404',70,90);
insert into PRODOTTO values ('800093405',70,80);
insert into PRODOTTO values ('800093406',60,80);
insert into PRODOTTO values ('800093407',80,90);
insert into PRODOTTO values ('800093408',60,70);
insert into PRODOTTO values ('800093409',50,70);
insert into PRODOTTO values ('800093410',250,300);
insert into PRODOTTO values ('800093411',120,150);
insert into PRODOTTO values ('800093412',260,290);
insert into PRODOTTO values ('800093413',200,220);
insert into PRODOTTO values ('800093414',130,160);
insert into PRODOTTO values ('800093415',200,240);
insert into PRODOTTO values ('800093416',230,250);
insert into PRODOTTO values ('800093417',250,270);
insert into PRODOTTO values ('800093418',180,200);
insert into PRODOTTO values ('800093419',170,190);
insert into PRODOTTO values ('800093420',230,260);

-- POPOLAMENTO MATERIALE_PRODOTTO
insert into MATERIALE_PRODOTTO values ('800093400','VETRO');
insert into MATERIALE_PRODOTTO values ('800093401','VETRO');
insert into MATERIALE_PRODOTTO values ('800093402','VETRO');
insert into MATERIALE_PRODOTTO values ('800093403','VETRO');
insert into MATERIALE_PRODOTTO values ('800093404','VETRO');
insert into MATERIALE_PRODOTTO values ('800093405','VETRO');
insert into MATERIALE_PRODOTTO values ('800093406','VETRO');
insert into MATERIALE_PRODOTTO values ('800093407','VETRO');
insert into MATERIALE_PRODOTTO values ('800093408','VETRO');
insert into MATERIALE_PRODOTTO values ('800093409','VETRO');
insert into MATERIALE_PRODOTTO values ('800093410','VETRO');
insert into MATERIALE_PRODOTTO values ('800093411','OPTYL');
insert into MATERIALE_PRODOTTO values ('800093412','ACETATO');
insert into MATERIALE_PRODOTTO values ('800093413','CARBONIO');
insert into MATERIALE_PRODOTTO values ('800093414','PLASTICA');
insert into MATERIALE_PRODOTTO values ('800093415','TITANIO');
insert into MATERIALE_PRODOTTO values ('800093416','CARBONIO');
insert into MATERIALE_PRODOTTO values ('800093417','PLASTICA');
insert into MATERIALE_PRODOTTO values ('800093418','TITANIO');
insert into MATERIALE_PRODOTTO values ('800093419','ACETATO');
insert into MATERIALE_PRODOTTO values ('800093420','PLASTICA');

-- POPOLAMENTO INCLUDE
insert into INCLUDE values ('FORN000301','800093400',50);
insert into INCLUDE values ('FORN000301','800093404',50);
insert into INCLUDE values ('FORN000301','800093410',50);
insert into INCLUDE values ('FORN000301','800093412',50);
insert into INCLUDE values ('FORN000301','800093414',50);
insert into INCLUDE values ('FORN000302','800093400',10);
insert into INCLUDE values ('FORN000302','800093404',10);
insert into INCLUDE values ('FORN000302','800093410',10);
insert into INCLUDE values ('FORN000302','800093412',10);
insert into INCLUDE values ('FORN000302','800093414',10);
insert into INCLUDE values ('FORN000303','800093400',20);
insert into INCLUDE values ('FORN000303','800093404',20);
insert into INCLUDE values ('FORN000303','800093410',20);
insert into INCLUDE values ('FORN000303','800093412',20);
insert into INCLUDE values ('FORN000303','800093414',20);
insert into INCLUDE values ('FORN000304','800093400',30);
insert into INCLUDE values ('FORN000304','800093404',30);
insert into INCLUDE values ('FORN000304','800093410',30);
insert into INCLUDE values ('FORN000304','800093412',30);
insert into INCLUDE values ('FORN000304','800093414',30);
insert into INCLUDE values ('FORN000305','800093400',30);
insert into INCLUDE values ('FORN000305','800093404',30);
insert into INCLUDE values ('FORN000305','800093410',30);
insert into INCLUDE values ('FORN000305','800093412',30);
insert into INCLUDE values ('FORN000305','800093414',30);
insert into INCLUDE values ('FORN000306','800093400',45);
insert into INCLUDE values ('FORN000306','800093404',45);
insert into INCLUDE values ('FORN000306','800093410',45);
insert into INCLUDE values ('FORN000306','800093412',45);
insert into INCLUDE values ('FORN000306','800093414',45);
insert into INCLUDE values ('FORN000307','800093400',15);
insert into INCLUDE values ('FORN000307','800093402',15);
insert into INCLUDE values ('FORN000307','800093410',15);
insert into INCLUDE values ('FORN000307','800093412',15);
insert into INCLUDE values ('FORN000307','800093414',15);
insert into INCLUDE values ('FORN000308','800093400',40);
insert into INCLUDE values ('FORN000308','800093404',40);
insert into INCLUDE values ('FORN000308','800093410',40);
insert into INCLUDE values ('FORN000308','800093412',40);
insert into INCLUDE values ('FORN000308','800093414',40);
insert into INCLUDE values ('FORN000309','800093400',35);
insert into INCLUDE values ('FORN000309','800093404',35);
insert into INCLUDE values ('FORN000309','800093410',35);
insert into INCLUDE values ('FORN000309','800093412',35);
insert into INCLUDE values ('FORN000309','800093414',35);
insert into INCLUDE values ('FORN000310','800093400',50);
insert into INCLUDE values ('FORN000310','800093404',50);
insert into INCLUDE values ('FORN000310','800093410',50);
insert into INCLUDE values ('FORN000310','800093412',50);
insert into INCLUDE values ('FORN000310','800093414',50);
insert into INCLUDE values ('FORN000311','800093400',20);
insert into INCLUDE values ('FORN000311','800093404',20);
insert into INCLUDE values ('FORN000311','800093410',20);
insert into INCLUDE values ('FORN000311','800093412',20);
insert into INCLUDE values ('FORN000311','800093414',20);
insert into INCLUDE values ('FORN000312','800093400',70);
insert into INCLUDE values ('FORN000312','800093404',70);
insert into INCLUDE values ('FORN000312','800093410',70);
insert into INCLUDE values ('FORN000312','800093412',70);
insert into INCLUDE values ('FORN000312','800093414',70);
insert into INCLUDE values ('FORN000313','800093400',35);
insert into INCLUDE values ('FORN000313','800093404',35);
insert into INCLUDE values ('FORN000313','800093410',35);
insert into INCLUDE values ('FORN000313','800093412',35);
insert into INCLUDE values ('FORN000313','800093414',35);
insert into INCLUDE values ('FORN000314','800093400',20);
insert into INCLUDE values ('FORN000314','800093404',20);
insert into INCLUDE values ('FORN000314','800093410',20);
insert into INCLUDE values ('FORN000314','800093412',20);
insert into INCLUDE values ('FORN000314','800093414',20);
insert into INCLUDE values ('FORN000315','800093400',40);
insert into INCLUDE values ('FORN000315','800093404',40);
insert into INCLUDE values ('FORN000315','800093410',40);
insert into INCLUDE values ('FORN000315','800093412',40);
insert into INCLUDE values ('FORN000315','800093414',40);
insert into INCLUDE values ('FORN000316','800093400',25);
insert into INCLUDE values ('FORN000316','800093404',25);
insert into INCLUDE values ('FORN000316','800093410',25);
insert into INCLUDE values ('FORN000316','800093412',25);
insert into INCLUDE values ('FORN000316','800093414',25);
insert into INCLUDE values ('FORN000317','800093400',15);
insert into INCLUDE values ('FORN000317','800093404',15);
insert into INCLUDE values ('FORN000317','800093410',15);
insert into INCLUDE values ('FORN000317','800093412',15);
insert into INCLUDE values ('FORN000317','800093414',15);
insert into INCLUDE values ('FORN000318','800093400',35);
insert into INCLUDE values ('FORN000318','800093404',35);
insert into INCLUDE values ('FORN000318','800093410',35);
insert into INCLUDE values ('FORN000318','800093412',35);
insert into INCLUDE values ('FORN000318','800093414',35);
insert into INCLUDE values ('FORN000319','800093400',20);
insert into INCLUDE values ('FORN000319','800093404',20);
insert into INCLUDE values ('FORN000319','800093410',20);
insert into INCLUDE values ('FORN000319','800093412',20);
insert into INCLUDE values ('FORN000319','800093414',20);
insert into INCLUDE values ('FORN000320','800093400',40);
insert into INCLUDE values ('FORN000320','800093404',40);
insert into INCLUDE values ('FORN000320','800093410',40);
insert into INCLUDE values ('FORN000320','800093412',40);
insert into INCLUDE values ('FORN000320','800093414',40);

-- POPOLAMENTO LENTE_CATALOGO
insert into LENTE_CATALOGO values ('800093400','DA_VISTA');
insert into LENTE_CATALOGO values ('800093401','DA_VISTA');
insert into LENTE_CATALOGO values ('800093402','DA_VISTA');
insert into LENTE_CATALOGO values ('800093403','DA_VISTA');
insert into LENTE_CATALOGO values ('800093404','DA_VISTA');
insert into LENTE_CATALOGO values ('800093405','DA_SOLE');
insert into LENTE_CATALOGO values ('800093406','DA_SOLE');
insert into LENTE_CATALOGO values ('800093407','DA_SOLE');
insert into LENTE_CATALOGO values ('800093408','DA_SOLE');
insert into LENTE_CATALOGO values ('800093409','DA_SOLE');

--POPOLAMENTO TRATTAMENTO_LENTE
insert into TRATTAMENTO_LENTE values ('800093400','ANTIGRAFFIO');
insert into TRATTAMENTO_LENTE values ('800093400','ANTIRIFLESSO');
insert into TRATTAMENTO_LENTE values ('800093401','IDROFOBICO');
insert into TRATTAMENTO_LENTE values ('800093402','ANTIGRAFFIO');
insert into TRATTAMENTO_LENTE values ('800093403','ANTIRIFLESSO');
insert into TRATTAMENTO_LENTE values ('800093403','IDROFOBICO');
insert into TRATTAMENTO_LENTE values ('800093404','ANTIGRAFFIO');
insert into TRATTAMENTO_LENTE values ('800093405','ANTIRIFLESSO');
insert into TRATTAMENTO_LENTE values ('800093405','IDROFOBICO');
insert into TRATTAMENTO_LENTE values ('800093406','ANTIGRAFFIO');
insert into TRATTAMENTO_LENTE values ('800093406','ANTIRIFLESSO');
insert into TRATTAMENTO_LENTE values ('800093407','IDROFOBICO');
insert into TRATTAMENTO_LENTE values ('800093408','ANTIGRAFFIO');
insert into TRATTAMENTO_LENTE values ('800093408','ANTIRIFLESSO');
insert into TRATTAMENTO_LENTE values ('800093409','IDROFOBICO');

-- POPOLAMENTO MONTATURA
insert into MONTATURA values ('800093410','GUCCI','GOCCIA');
insert into MONTATURA values ('800093411','OAKLEY','ROTONDA');
insert into MONTATURA values ('800093412','FENDI','RETTANGOLARE');
insert into MONTATURA values ('800093413','DeG','GOCCIA');
insert into MONTATURA values ('800093414','CARTIER','SQUADRATA');
insert into MONTATURA values ('800093415','RAYBAN','ROTONDA');
insert into MONTATURA values ('800093416','ARMANI','SQUADRATA');
insert into MONTATURA values ('800093417','BVULGARI','RETTANGOLARE');
insert into MONTATURA values ('800093418','CARRERA','ROTONDA');
insert into MONTATURA values ('800093419','DIESEL','GOCCIA');
insert into MONTATURA values ('800093420','PRADA','RETTANGOLARE');

-- POPOLAMENTO COLORE_MONTATURA
insert into COLORE_MONTATURA values ('800093410','NERO');
insert into COLORE_MONTATURA values ('800093411','ROSSO');
insert into COLORE_MONTATURA values ('800093411','GRIGIO');
insert into COLORE_MONTATURA values ('800093412','BLU');
insert into COLORE_MONTATURA values ('800093413','NERO');
insert into COLORE_MONTATURA values ('800093414','VIOLA');
insert into COLORE_MONTATURA values ('800093414','PORPORA');
insert into COLORE_MONTATURA values ('800093415','MARRONE');
insert into COLORE_MONTATURA values ('800093416','ROSA');
insert into COLORE_MONTATURA values ('800093416','ROSSO');
insert into COLORE_MONTATURA values ('800093417','BIANCO');
insert into COLORE_MONTATURA values ('800093418','GIALLO');
insert into COLORE_MONTATURA values ('800093419','NERO');
insert into COLORE_MONTATURA values ('800093419','ARGENTO');
insert into COLORE_MONTATURA values ('800093420','VIOLA');

-- POPOLAMENTO E_COMPOSTO
insert into E_COMPOSTO values ('1','800093400','800093410');
insert into E_COMPOSTO values ('2','800093401','800093411');
insert into E_COMPOSTO values ('3','800093402','800093412');
insert into E_COMPOSTO values ('4','800093403','800093413');
insert into E_COMPOSTO values ('5','800093404','800093414');
insert into E_COMPOSTO values ('6','800093405','800093415');
insert into E_COMPOSTO values ('7','800093406','800093416');
insert into E_COMPOSTO values ('8','800093407','800093417');
insert into E_COMPOSTO values ('9','800093408','800093418');
insert into E_COMPOSTO values ('10','800093409','800093419');
insert into E_COMPOSTO values ('11','800093400','800093410');
insert into E_COMPOSTO values ('12','800093401','800093411');
insert into E_COMPOSTO values ('13','800093402','800093412');
insert into E_COMPOSTO values ('14','800093403','800093413');
insert into E_COMPOSTO values ('15','800093404','800093414');
insert into E_COMPOSTO values ('16','800093405','800093415');
insert into E_COMPOSTO values ('17','800093406','800093416');
insert into E_COMPOSTO values ('18','800093407','800093417');
insert into E_COMPOSTO values ('19','800093408','800093418');
insert into E_COMPOSTO values ('20','800093409','800093419');

-- POPOLAMENTO APPROVVIGIONAMENTO
insert into APPROVVIGIONAMENTO values ('Napoli', to_date('01/FEB/2019 09:00', 'DD/MON/YYYY HH24:MI'), to_date('01/FEB/2019 13:00', 'DD/MON/YYYY HH24:MI'));
insert into APPROVVIGIONAMENTO values ('Roma', to_date('01/FEB/2019 09:00', 'DD/MON/YYYY HH24:MI'), to_date('01/FEB/2019 13:00', 'DD/MON/YYYY HH24:MI'));
insert into APPROVVIGIONAMENTO values ('Torino', to_date('01/FEB/2019 09:00', 'DD/MON/YYYY HH24:MI'), to_date('01/FEB/2019 13:00', 'DD/MON/YYYY HH24:MI'));
insert into APPROVVIGIONAMENTO values ('Frosinone', to_date('01/FEB/2019 09:00', 'DD/MON/YYYY HH24:MI'),to_date('01/FEB/2019 13:00', 'DD/MON/YYYY HH24:MI'));
insert into APPROVVIGIONAMENTO values ('Veroli', to_date('01/FEB/2019 09:00', 'DD/MON/YYYY HH24:MI'), to_date('01/FEB/2019 13:00', 'DD/MON/YYYY HH24:MI'));
insert into APPROVVIGIONAMENTO values ('Ariccia', to_date('01/FEB/2019 09:00', 'DD/MON/YYYY HH24:MI'), to_date('01/FEB/2019 13:00', 'DD/MON/YYYY HH24:MI'));
insert into APPROVVIGIONAMENTO values ('Alatri', to_date('01/FEB/2019 09:00', 'DD/MON/YYYY HH24:MI'), to_date('01/FEB/2019 13:00', 'DD/MON/YYYY HH24:MI'));
insert into APPROVVIGIONAMENTO values ('Milano', to_date('01/FEB/2019 09:00', 'DD/MON/YYYY HH24:MI'), to_date('01/FEB/2019 13:00', 'DD/MON/YYYY HH24:MI'));
insert into APPROVVIGIONAMENTO values ('Bologna', to_date('01/FEB/2019 09:00', 'DD/MON/YYYY HH24:MI'), to_date('01/FEB/2019 13:00', 'DD/MON/YYYY HH24:MI'));
insert into APPROVVIGIONAMENTO values ('Firenze', to_date('01/FEB/2019 09:00', 'DD/MON/YYYY HH24:MI'), to_date('01/FEB/2019 13:00', 'DD/MON/YYYY HH24:MI'));
insert into APPROVVIGIONAMENTO values ('Napoli', to_date('01/MAR/2019 09:00', 'DD/MON/YYYY HH24:MI'), to_date('01/MAR/2019 13:00', 'DD/MON/YYYY HH24:MI'));
insert into APPROVVIGIONAMENTO values ('Roma', to_date('01/MAR/2019 09:00', 'DD/MON/YYYY HH24:MI'), to_date('01/MAR/2019 13:00', 'DD/MON/YYYY HH24:MI'));
insert into APPROVVIGIONAMENTO values ('Torino', to_date('01/MAR/2019 09:00', 'DD/MON/YYYY HH24:MI'), to_date('01/MAR/2019 13:00', 'DD/MON/YYYY HH24:MI'));
insert into APPROVVIGIONAMENTO values ('Frosinone', to_date('01/MAR/2019 09:00', 'DD/MON/YYYY HH24:MI'), to_date('01/MAR/2019 13:00', 'DD/MON/YYYY HH24:MI'));
insert into APPROVVIGIONAMENTO values ('Veroli', to_date('01/MAR/2019 09:00', 'DD/MON/YYYY HH24:MI'), to_date('01/MAR/2019 13:00', 'DD/MON/YYYY HH24:MI'));
insert into APPROVVIGIONAMENTO values ('Ariccia', to_date('01/MAR/2019 09:00', 'DD/MON/YYYY HH24:MI'),to_date('01/MAR/2019 13:00', 'DD/MON/YYYY HH24:MI'));
insert into APPROVVIGIONAMENTO values ('Alatri', to_date('01/MAR/2019 09:00', 'DD/MON/YYYY HH24:MI'),to_date('01/MAR/2019 13:00', 'DD/MON/YYYY HH24:MI'));
insert into APPROVVIGIONAMENTO values ('Milano', to_date('01/MAR/2019 09:00', 'DD/MON/YYYY HH24:MI'), to_date('01/MAR/2019 13:00', 'DD/MON/YYYY HH24:MI'));
insert into APPROVVIGIONAMENTO values ('Bologna', to_date('01/MAR/2019 09:00', 'DD/MON/YYYY HH24:MI'), to_date('01/MAR/2019 13:00', 'DD/MON/YYYY HH24:MI'));
insert into APPROVVIGIONAMENTO values ('Firenze', to_date('01/MAR/2019 09:00', 'DD/MON/YYYY HH24:MI'), to_date('01/MAR/2019 13:00', 'DD/MON/YYYY HH24:MI'));

-- POPOLAMENTO E_INCLUSO
insert into E_INCLUSO values ('800093400', to_date('01/FEB/2019 09:00', 'DD/MON/YYYY HH24:MI'),'Napoli',10);
insert into E_INCLUSO values ('800093404', to_date('01/FEB/2019 09:00', 'DD/MON/YYYY HH24:MI'),'Napoli',20);
insert into E_INCLUSO values ('800093410', to_date('01/FEB/2019 09:00', 'DD/MON/YYYY HH24:MI'),'Napoli',10);
insert into E_INCLUSO values ('800093412', to_date('01/FEB/2019 09:00', 'DD/MON/YYYY HH24:MI'),'Napoli',20);
insert into E_INCLUSO values ('800093414', to_date('01/FEB/2019 09:00', 'DD/MON/YYYY HH24:MI'),'Napoli',20);
insert into E_INCLUSO values ('800093400', to_date('01/FEB/2019 09:00', 'DD/MON/YYYY HH24:MI'),'Roma',10);
insert into E_INCLUSO values ('800093404', to_date('01/FEB/2019 09:00', 'DD/MON/YYYY HH24:MI'),'Roma',20);
insert into E_INCLUSO values ('800093410', to_date('01/FEB/2019 09:00', 'DD/MON/YYYY HH24:MI'),'Roma',30);
insert into E_INCLUSO values ('800093412', to_date('01/FEB/2019 09:00', 'DD/MON/YYYY HH24:MI'),'Roma',20);
insert into E_INCLUSO values ('800093414', to_date('01/FEB/2019 09:00', 'DD/MON/YYYY HH24:MI'),'Roma',20);
insert into E_INCLUSO values ('800093400', to_date('01/FEB/2019 09:00', 'DD/MON/YYYY HH24:MI'),'Torino',10);
insert into E_INCLUSO values ('800093404', to_date('01/FEB/2019 09:00', 'DD/MON/YYYY HH24:MI'),'Torino',20);
insert into E_INCLUSO values ('800093410', to_date('01/FEB/2019 09:00', 'DD/MON/YYYY HH24:MI'),'Torino',30);
insert into E_INCLUSO values ('800093412', to_date('01/FEB/2019 09:00', 'DD/MON/YYYY HH24:MI'),'Torino',20);
insert into E_INCLUSO values ('800093414', to_date('01/FEB/2019 09:00', 'DD/MON/YYYY HH24:MI'),'Torino',10);
insert into E_INCLUSO values ('800093400', to_date('01/FEB/2019 09:00', 'DD/MON/YYYY HH24:MI'),'Frosinone',10);
insert into E_INCLUSO values ('800093404', to_date('01/FEB/2019 09:00', 'DD/MON/YYYY HH24:MI'),'Frosinone',20);
insert into E_INCLUSO values ('800093410', to_date('01/FEB/2019 09:00', 'DD/MON/YYYY HH24:MI'),'Frosinone',30);
insert into E_INCLUSO values ('800093412', to_date('01/FEB/2019 09:00', 'DD/MON/YYYY HH24:MI'),'Frosinone',20);
insert into E_INCLUSO values ('800093414', to_date('01/FEB/2019 09:00', 'DD/MON/YYYY HH24:MI'),'Frosinone',20);
insert into E_INCLUSO values ('800093400', to_date('01/FEB/2019 09:00', 'DD/MON/YYYY HH24:MI'),'Veroli',10);
insert into E_INCLUSO values ('800093404', to_date('01/FEB/2019 09:00', 'DD/MON/YYYY HH24:MI'),'Veroli',20);
insert into E_INCLUSO values ('800093410', to_date('01/FEB/2019 09:00', 'DD/MON/YYYY HH24:MI'),'Veroli',30);
insert into E_INCLUSO values ('800093412', to_date('01/FEB/2019 09:00', 'DD/MON/YYYY HH24:MI'),'Veroli',20);
insert into E_INCLUSO values ('800093414', to_date('01/FEB/2019 09:00', 'DD/MON/YYYY HH24:MI'),'Veroli',30);
insert into E_INCLUSO values ('800093400', to_date('01/FEB/2019 09:00', 'DD/MON/YYYY HH24:MI'),'Ariccia',10);
insert into E_INCLUSO values ('800093404', to_date('01/FEB/2019 09:00', 'DD/MON/YYYY HH24:MI'),'Ariccia',20);
insert into E_INCLUSO values ('800093410', to_date('01/FEB/2019 09:00', 'DD/MON/YYYY HH24:MI'),'Ariccia',30);
insert into E_INCLUSO values ('800093412', to_date('01/FEB/2019 09:00', 'DD/MON/YYYY HH24:MI'),'Ariccia',20);
insert into E_INCLUSO values ('800093414', to_date('01/FEB/2019 09:00', 'DD/MON/YYYY HH24:MI'),'Ariccia',20);
insert into E_INCLUSO values ('800093400', to_date('01/FEB/2019 09:00', 'DD/MON/YYYY HH24:MI'),'Alatri',10);
insert into E_INCLUSO values ('800093404', to_date('01/FEB/2019 09:00', 'DD/MON/YYYY HH24:MI'),'Alatri',20);
insert into E_INCLUSO values ('800093410', to_date('01/FEB/2019 09:00', 'DD/MON/YYYY HH24:MI'),'Alatri',30);
insert into E_INCLUSO values ('800093412', to_date('01/FEB/2019 09:00', 'DD/MON/YYYY HH24:MI'),'Alatri',20);
insert into E_INCLUSO values ('800093414', to_date('01/FEB/2019 09:00', 'DD/MON/YYYY HH24:MI'),'Alatri',20);
insert into E_INCLUSO values ('800093400', to_date('01/FEB/2019 09:00', 'DD/MON/YYYY HH24:MI'),'Milano',10);
insert into E_INCLUSO values ('800093404', to_date('01/FEB/2019 09:00', 'DD/MON/YYYY HH24:MI'),'Milano',20);
insert into E_INCLUSO values ('800093410', to_date('01/FEB/2019 09:00', 'DD/MON/YYYY HH24:MI'),'Milano',30);
insert into E_INCLUSO values ('800093412', to_date('01/FEB/2019 09:00', 'DD/MON/YYYY HH24:MI'),'Milano',20);
insert into E_INCLUSO values ('800093414', to_date('01/FEB/2019 09:00', 'DD/MON/YYYY HH24:MI'),'Milano',30);
insert into E_INCLUSO values ('800093400', to_date('01/FEB/2019 09:00', 'DD/MON/YYYY HH24:MI'),'Bologna',10);
insert into E_INCLUSO values ('800093404', to_date('01/FEB/2019 09:00', 'DD/MON/YYYY HH24:MI'),'Bologna',20);
insert into E_INCLUSO values ('800093410', to_date('01/FEB/2019 09:00', 'DD/MON/YYYY HH24:MI'),'Bologna',30);
insert into E_INCLUSO values ('800093412', to_date('01/FEB/2019 09:00', 'DD/MON/YYYY HH24:MI'),'Bologna',20);
insert into E_INCLUSO values ('800093414', to_date('01/FEB/2019 09:00', 'DD/MON/YYYY HH24:MI'),'Bologna',20);
insert into E_INCLUSO values ('800093400', to_date('01/FEB/2019 09:00', 'DD/MON/YYYY HH24:MI'),'Firenze',10);
insert into E_INCLUSO values ('800093404', to_date('01/FEB/2019 09:00', 'DD/MON/YYYY HH24:MI'),'Firenze',20);
insert into E_INCLUSO values ('800093410', to_date('01/FEB/2019 09:00', 'DD/MON/YYYY HH24:MI'),'Firenze',30);
insert into E_INCLUSO values ('800093412', to_date('01/FEB/2019 09:00', 'DD/MON/YYYY HH24:MI'),'Firenze',20);
insert into E_INCLUSO values ('800093414', to_date('01/FEB/2019 09:00', 'DD/MON/YYYY HH24:MI'),'Firenze',30);
insert into E_INCLUSO values ('800093400', to_date('01/MAR/2019 09:00', 'DD/MON/YYYY HH24:MI'),'Napoli',10);
insert into E_INCLUSO values ('800093404', to_date('01/MAR/2019 09:00', 'DD/MON/YYYY HH24:MI'),'Napoli',20);
insert into E_INCLUSO values ('800093410', to_date('01/MAR/2019 09:00', 'DD/MON/YYYY HH24:MI'),'Napoli',30);
insert into E_INCLUSO values ('800093412', to_date('01/MAR/2019 09:00', 'DD/MON/YYYY HH24:MI'),'Napoli',20);
insert into E_INCLUSO values ('800093414', to_date('01/MAR/2019 09:00', 'DD/MON/YYYY HH24:MI'),'Napoli',40);
insert into E_INCLUSO values ('800093400', to_date('01/MAR/2019 09:00', 'DD/MON/YYYY HH24:MI'),'Roma',10);
insert into E_INCLUSO values ('800093404', to_date('01/MAR/2019 09:00', 'DD/MON/YYYY HH24:MI'),'Roma',20);
insert into E_INCLUSO values ('800093410', to_date('01/MAR/2019 09:00', 'DD/MON/YYYY HH24:MI'),'Roma',30);
insert into E_INCLUSO values ('800093412', to_date('01/MAR/2019 09:00', 'DD/MON/YYYY HH24:MI'),'Roma',20);
insert into E_INCLUSO values ('800093414', to_date('01/MAR/2019 09:00', 'DD/MON/YYYY HH24:MI'),'Roma',10);
insert into E_INCLUSO values ('800093400', to_date('01/MAR/2019 09:00', 'DD/MON/YYYY HH24:MI'),'Torino',10);
insert into E_INCLUSO values ('800093404', to_date('01/MAR/2019 09:00', 'DD/MON/YYYY HH24:MI'),'Torino',20);
insert into E_INCLUSO values ('800093410', to_date('01/MAR/2019 09:00', 'DD/MON/YYYY HH24:MI'),'Torino',30);
insert into E_INCLUSO values ('800093412', to_date('01/MAR/2019 09:00', 'DD/MON/YYYY HH24:MI'),'Torino',20);
insert into E_INCLUSO values ('800093414', to_date('01/MAR/2019 09:00', 'DD/MON/YYYY HH24:MI'),'Torino',30);
insert into E_INCLUSO values ('800093400', to_date('01/MAR/2019 09:00', 'DD/MON/YYYY HH24:MI'),'Frosinone',10);
insert into E_INCLUSO values ('800093404', to_date('01/MAR/2019 09:00', 'DD/MON/YYYY HH24:MI'),'Frosinone',20);
insert into E_INCLUSO values ('800093410', to_date('01/MAR/2019 09:00', 'DD/MON/YYYY HH24:MI'),'Frosinone',30);
insert into E_INCLUSO values ('800093412', to_date('01/MAR/2019 09:00', 'DD/MON/YYYY HH24:MI'),'Frosinone',20);
insert into E_INCLUSO values ('800093414', to_date('01/MAR/2019 09:00', 'DD/MON/YYYY HH24:MI'),'Frosinone',30);
insert into E_INCLUSO values ('800093400', to_date('01/MAR/2019 09:00', 'DD/MON/YYYY HH24:MI'),'Veroli',10);
insert into E_INCLUSO values ('800093404', to_date('01/MAR/2019 09:00', 'DD/MON/YYYY HH24:MI'),'Veroli',20);
insert into E_INCLUSO values ('800093410', to_date('01/MAR/2019 09:00', 'DD/MON/YYYY HH24:MI'),'Veroli',30);
insert into E_INCLUSO values ('800093412', to_date('01/MAR/2019 09:00', 'DD/MON/YYYY HH24:MI'),'Veroli',20);
insert into E_INCLUSO values ('800093414', to_date('01/MAR/2019 09:00', 'DD/MON/YYYY HH24:MI'),'Veroli',20);
insert into E_INCLUSO values ('800093400', to_date('01/MAR/2019 09:00', 'DD/MON/YYYY HH24:MI'),'Ariccia',10);
insert into E_INCLUSO values ('800093404', to_date('01/MAR/2019 09:00', 'DD/MON/YYYY HH24:MI'),'Ariccia',20);
insert into E_INCLUSO values ('800093410', to_date('01/MAR/2019 09:00', 'DD/MON/YYYY HH24:MI'),'Ariccia',30);
insert into E_INCLUSO values ('800093412', to_date('01/MAR/2019 09:00', 'DD/MON/YYYY HH24:MI'),'Ariccia',20);
insert into E_INCLUSO values ('800093414', to_date('01/MAR/2019 09:00', 'DD/MON/YYYY HH24:MI'),'Ariccia',10);
insert into E_INCLUSO values ('800093400', to_date('01/MAR/2019 09:00', 'DD/MON/YYYY HH24:MI'),'Alatri',10);
insert into E_INCLUSO values ('800093404', to_date('01/MAR/2019 09:00', 'DD/MON/YYYY HH24:MI'),'Alatri',20);
insert into E_INCLUSO values ('800093410', to_date('01/MAR/2019 09:00', 'DD/MON/YYYY HH24:MI'),'Alatri',30);
insert into E_INCLUSO values ('800093412', to_date('01/MAR/2019 09:00', 'DD/MON/YYYY HH24:MI'),'Alatri',20);
insert into E_INCLUSO values ('800093414', to_date('01/MAR/2019 09:00', 'DD/MON/YYYY HH24:MI'),'Alatri',30);
insert into E_INCLUSO values ('800093400', to_date('01/MAR/2019 09:00', 'DD/MON/YYYY HH24:MI'),'Milano',10);
insert into E_INCLUSO values ('800093404', to_date('01/MAR/2019 09:00', 'DD/MON/YYYY HH24:MI'),'Milano',20);
insert into E_INCLUSO values ('800093410', to_date('01/MAR/2019 09:00', 'DD/MON/YYYY HH24:MI'),'Milano',30);
insert into E_INCLUSO values ('800093412', to_date('01/MAR/2019 09:00', 'DD/MON/YYYY HH24:MI'),'Milano',20);
insert into E_INCLUSO values ('800093414', to_date('01/MAR/2019 09:00', 'DD/MON/YYYY HH24:MI'),'Milano',40);
insert into E_INCLUSO values ('800093400', to_date('01/MAR/2019 09:00', 'DD/MON/YYYY HH24:MI'),'Bologna',10);
insert into E_INCLUSO values ('800093404', to_date('01/MAR/2019 09:00', 'DD/MON/YYYY HH24:MI'),'Bologna',20);
insert into E_INCLUSO values ('800093410', to_date('01/MAR/2019 09:00', 'DD/MON/YYYY HH24:MI'),'Bologna',30);
insert into E_INCLUSO values ('800093412', to_date('01/MAR/2019 09:00', 'DD/MON/YYYY HH24:MI'),'Bologna',20);
insert into E_INCLUSO values ('800093414', to_date('01/MAR/2019 09:00', 'DD/MON/YYYY HH24:MI'),'Bologna',30);
insert into E_INCLUSO values ('800093400', to_date('01/MAR/2019 09:00', 'DD/MON/YYYY HH24:MI'),'Firenze',10);
insert into E_INCLUSO values ('800093404', to_date('01/MAR/2019 09:00', 'DD/MON/YYYY HH24:MI'),'Firenze',20);
insert into E_INCLUSO values ('800093410', to_date('01/MAR/2019 09:00', 'DD/MON/YYYY HH24:MI'),'Firenze',30);
insert into E_INCLUSO values ('800093412', to_date('01/MAR/2019 09:00', 'DD/MON/YYYY HH24:MI'),'Firenze',20);
insert into E_INCLUSO values ('800093414', to_date('01/MAR/2019 09:00', 'DD/MON/YYYY HH24:MI'),'Firenze',20);